Date,User,Tweet,Target
2023-04-18 02:15:01+00:00,joybells49,'Natural Disasters are Intensifying: Coincidence or a Warning'? [https://t.co/w5IeNtV6Oe] The number of disasters has tripled in the last 30 years. Why does God allow this? God knows best! #EndTimes #PrayForFlorida #HurricaneIan #MidtermElections #ShockAndAwe #NaturalDisasters https://t.co/jkIdeQkYcE,1
2023-04-18 02:07:23+00:00,KaiEnhancements,"Tsunami,  ""He's A Natural Disaster""... OK OK.... @WWEGraves and Kevin Patrick... 

#WWE #WWERaw #NaturalDisasters https://t.co/WCAWVkUidC",1
2023-04-17 22:15:36+00:00,SnipeYamer,ICE tsunami. #earthquake #tsunami #naturaldisasters https://t.co/C9hc6tK78f via @YouTube,1
2023-04-17 19:05:23+00:00,Dev_Discourse,"Why Strengthening Resilience is Critical for Development in Asia-Pacific 
https://t.co/KQlggVTvIZ 
#AsiaPacific #SustainableDevelopment #naturaldisasters #ManmadeDisasters #ClimateChange",1
2023-04-17 16:48:27+00:00,ElmerPalaceSE25,"Babies of the earthquake: caring for a newborn in the aftermath of the Syria-Turkey disaster ‚Äì in pictures

#NaturalDisasters    #SyriaTurkeyEarthquake   #BabiesOfTheEarthquake    #InPictures    #TheGuardian    #photography    #Photos 
 https://t.co/K92D6kKgwg",1
2023-04-17 15:02:41+00:00,VakayEveryDay,"Supporting those affected by natural disasters with long term housing and assistance. We can all make a difference and ensure no one is left behind.

#naturaldisasters #longtermhousing #support #community #makeadifference #makeadifference",1
2023-04-17 13:46:02+00:00,MrCampbellP5,Well done C for making a volcano with an ash cloud during our mini #STEM challenge #naturaldisasters @SacredHeartPrim üåã https://t.co/qiSdzp0Y30,1
2023-04-17 13:30:22+00:00,1GirlRevo,"‚Å£‚ú®‚ú®‚ú®‚Å£‚Å£‚Å£‚Å£
#women #inspiring #inspiringwomen #podcast #newepisode #womenspodcast #monday #mondaymotivation #mondaylisten #motivation #inspiringstories #sistercorps #naturaldisaster #naturaldisasters #hurricane #flooding #tornado",1
2023-04-17 10:23:00+00:00,Dev_Discourse,"Why Strengthening Resilience is Critical for Development in Asia-Pacific 
https://t.co/KQlggVSXTr 
#AsiaPacific #Resilience #SustainableDevelopment #DisasterRiskReduction #ClimateAdaptation #SocialProtection #GoodGovernance #collaboration #NaturalDisasters #ManMadeDisasters",1
2023-04-17 09:48:40+00:00,Dev_Discourse,"Why Strengthening Resilience is Critical for Development in Asia-Pacific 
https://t.co/KQlggVSXTr 
#AsiaPacific #Resilience #SustainableDevelopment #ClimateAdaptation #SocialProtection #EconomicDiversification #GoodGovernance #Challenges #NaturalDisasters #ManMadeDisasters",1
2023-04-17 09:39:07+00:00,GReportIndia,"Coastal belt of Puri, Odisha: Livelihood Crisis and Gender disparity coexist https://t.co/ZGFvrorBjI 

The #coastal crisis in #Puri, #Odisha has been a matter of concern for the locals, especially the fishing #community. With the increasing frequency of #naturaldisasters,‚Ä¶",1
2023-04-17 07:51:22+00:00,Helvetas,Watch how communities in SW Bangladesh create a safe learning environment for students despite natural disasters like flooding. An inspiring video by our partner @OrgUttaran! #education #Bangladesh #naturaldisasters https://t.co/8geCfgFCbd,1
2023-04-16 23:58:31+00:00,FolksMail,At least 5 dead and 14 injured by lightning strike in Colombia https://t.co/k2GUSh8uZm #Colombian #Lightning #Naturaldisasters,1
2023-04-16 21:00:00+00:00,AssocGlensFalls,"Tornado season is upon us. Do you know if your home is insured for the proper amount? Don‚Äôt wait to find out, give us a call today! #underinsured #homeownersinsurance #personalinsurance #tornadoseason #tornadowarning #insurance #naturaldisasters https://t.co/IYOirU4Uct",1
2023-04-16 15:36:58+00:00,BreakingAI_News,"Be prepared for earthquakes with ""All About Earthquakes You Need to Know Now,"" a must-read guide to understanding and mitigating the impacts of these powerful natural events üåçüìò #AllAboutEarthquakes #Seismology #EarthquakePreparedness #NaturalDisasters https://t.co/XQhtWaeSss",1
2023-04-16 02:46:44+00:00,femfict,#googletrends #trends #trend #sports #naturaldisasters #darkhumour #SEO #trending #news https://t.co/Uy95TxzW3X,1
2023-04-15 19:40:00+00:00,farmpress,"ùóñùóºùóΩùó∂ùóªùó¥ ùòÑùó∂ùòÅùóµ ùó¥ùóøùó∂ùó≤ùó≥ ùóÆùóªùó± ùòÄùòÅùóøùó≤ùòÄùòÄ: After #NaturalDisasters, food and shelter are prioritized well above mental health, but ignoring emotional distress can lead to serious physical #health conditions. @MSUExtService¬†
https://t.co/Fen95kFY2j",1
2023-04-15 17:42:00+00:00,nataglaw,#NaturalDisasters can impact #ag operations. Learn more about how the #federalgovernment plays a role in assisting agricultural producers dealing with these issues in the Disaster Assistance/#CropInsurance Reading Room: https://t.co/95qwXjsEcO,1
2023-04-15 12:35:24+00:00,MichaelGouldCRI,"In the same way you prepare your home for an approaching storm, it‚Äôs essential to prepare your business for potential interruptions or loss of income caused by natural disasters or external factors. 
#Insurance #Business #NaturalDisasters https://t.co/v7eP6XPC8c",1
2023-04-15 08:06:54+00:00,TheKhmerDaily,"After earthquake, Istanbul gripped by fear that bigger disaster awaits

#Earthquakes #Istanbul #NaturalDisasters #TURKEY
https://t.co/V7igXC1V80",1
2023-04-15 07:59:59+00:00,BiscottiCurious,üö® Emergency alert! üö® I'm setting a goal on Ko-fi to get the Natural Disasters DLC for Cities Skylines. Help me make it happen with just $10! Let's create some chaos and have some fun üòÑ #CitiesSkylines #NaturalDisasters #GamingCommunity https://t.co/wuCOMEr7uj,1
2023-04-15 05:54:04+00:00,wjcblackshaw,Some good recommended reading on #naturaldisasters for A Level students #geographyteacher https://t.co/g5D42VjePD,1
2023-04-15 01:38:25+00:00,YouAreNetcom,"Report: Shooting kills 3 Kurds celebrating new year in Syria #MiddleEast #Naturaldisasters #Politics #Syria #Turkeygovernment 
https://t.co/v1n2p8TZKO",1
2023-04-14 22:14:07+00:00,ZerosAndOnez,@CryptoCoconutz The Secret Government Plot to Control the Weather and Create Natural Disasters?ü•π #HAARP #naturaldisasters,1
2023-04-14 20:47:25+00:00,PMEUBC,"Why are there smaller earthquakes before and after larger ones? ü§î

#MuseumsEh #geosciences #naturaldisasters #geologystudent #sciencefact #sciencerules #sciencemuseum #worldwonder #geologypage #museumlover #scientists #scienceiscool #geologist #ubc #geologyrocks #sciencefacts https://t.co/mYRNSS3uwf",1
2023-04-14 19:15:00+00:00,farmpress,"ACT QUICKLY - #California farmers &amp; ranchers affected by floods &amp; other #NaturalDisasters must act quickly to report losses and potential losses if they want the greatest success with insurance &amp; disaster claims. CEO of the @almondalliance¬†offers advice.

https://t.co/blG4Z9VKEO",1
2023-04-14 15:38:24+00:00,FactasticFeed,"Largest earthquake on record: Chile, 1960. Magnitude 9.5, caused tsunamis in Hawaii, Japan, Philippines, and US. üåäüåé #NaturalDisasters #FactasticFeed",1
2023-04-14 15:09:27+00:00,SylvanaPilidou,"Just a simple thought: Most natural  phenomena turn into disasters due to Earth's gravity...
#Earth #gravity #NaturalPhenomena #NaturalDisasters https://t.co/e9tSas6nQB",1
2023-04-14 15:00:03+00:00,feedmileapp,"Strong earthquake measuring 7.0 on the richter scale jolted Indonesia today. No warning for tsunami. 

#feedmile #indonesia #earthquake #richterscale #tsunami #naturaldisasters #disaster #USGeologicalSurvey #ringoffire https://t.co/omoICMR9er",1
2023-04-14 13:25:45+00:00,4_jamaica,"#TheHappeningDaysOfTheLord #WorldWar3Europe 2023 Launching, ""The End Result"" is now. Dreadful &amp; Terrible. The #Judgements of #God are #Anarchy #Death #Destruction #Darkness #Earthquakes #Famines #Fire #Floodings #Hurricanes #Plagues #Wars #Tornadoes #FerventHeat #NaturalDisasters",1
2023-04-14 13:03:43+00:00,haiti_air_amb,"Operating 365 days of the year, we provide invaluable support to other #NGOs and government organizations during #naturaldisasters and #recoveryoperations. (4/9)",1
2023-04-14 11:01:47+00:00,1GirlRevo,"‚ú®‚ú®‚ú®‚Å£‚Å£‚Å£‚Å£
#women #inspiring #inspiringwomen #podcast #newepisode #womenspodcast #friday #fridaylisten #listen #friyay #inspiringstories #sistercorps #naturaldisaster #naturaldisasters #hurricane #flooding #tornado",1
2023-04-14 09:24:12+00:00,EarthTreasuresx,"Geologists study the composition and behavior of natural hazards such as earthquakes, volcanoes, and tsunamis, which can have significant impacts on human populations. #naturaldisasters #geologynaturalhazards #geology",1
2023-04-14 07:30:00+00:00,tech_geospatial,#Tectonicplates move slowly but can speed up to 20 times faster under stress. Understanding this process is crucial in predicting and mitigating natural disasters. Recent discoveries have shed new light on plate movement. #NaturalDisasters #Science #Geology #GET #GIS #Facts https://t.co/FsBD8u4qcz,1
2023-04-14 04:09:07+00:00,abt_live,Experts Explain Why You Need An #Emergency Go Bag (And What Should Be In It) .....Please follow to support..... https://t.co/zeBC24G2qu #home #shopping #survival #naturaldisasters,1
2023-04-13 16:50:53+00:00,insureca4less,"Property damage can be a nightmare to deal with, especially when it comes to filing insurance claims....READ More #autoinsurance #claimsadvocate #helpwithclaim #homeinsurance #naturaldisasters #propertydamagecausedbyfire #propertydamagecausedbyflood

https://t.co/VgpUbE8cjV https://t.co/Q8bU0G9jPm",1
2023-04-13 13:19:01+00:00,CUREIntl,"CURE host countries are no exception to the rise of #naturalDisasters worldwide &amp; the #globalInstability they cause. Learn more about CURE Malawi's recent effort to help mitigate the effects of Cyclone Freddy and how you can be part of the solution! 
https://t.co/VhldrcR10Q",1
2023-04-13 02:59:13+00:00,hichltd,"This type of insurance covers your property against damage caused by natural disasters, accidents, and other unforeseen circumstances.

Read more üëâ https://t.co/zgE79u2zP4

#AffordableHomes #insurance #DamagesCaused #NaturalDisasters #ProvidingHomeowners #FinancialProtection https://t.co/ESYSKp3uCe",1
2023-04-12 20:00:28+00:00,hichltd,"Building insurance can provide coverage for damages caused by these natural disasters, providing homeowners with financial protection against unforeseen expenses.

Read more üëâ https://t.co/egCBy2RCIS

#AffordableHomes #insurance #DamagesCaused #NaturalDisasters https://t.co/3te6LmPW7A",1
2023-04-12 19:30:06+00:00,GotopnewsUsa,"Big flames, raining embers in New Jersey Pine Barrens fire #BigFlames #FallingEmbers #JerseyPine #BarrensFire #Department #LongIsland #NaturalDisasters https://t.co/lA2P6wXj3P",1
2023-04-12 17:43:53+00:00,francesacuna70,"I joined @GAVA 6 years ago. I work on building community power to advocate for #floodmitigation and #therighttostay in neighborhoods impacted by #naturaldisasters #socialdisparities, Such as, #FloodMitigation, #DisasterPreparedness, #AffordableFloodInsurance, and #ResilienceHubs",1
2023-04-12 17:02:34+00:00,cmplib,"Ages 7-12 are invited to learn more about #naturaldisasters! Come to the South Branch on Mon., April 17 at 4:30 p.m. Register your children online: https://t.co/fzDnLt0JNT https://t.co/vasdOditb0",1
2023-04-12 15:43:57+00:00,FSMuseumHistory,"Photo:  Image noted as ""Cyclone Fort Smith, Ar April 12, 1927: FSMH Collection; 2nd Photo: Chuck Raney Photo Credit/Internet Sourced/Pinterest).  

#fsmuseumhistory #FortSmithHistory #FortSmithArkansas #fortsmithmuseumofhistory #tornadoalley #Arkansasweather #naturaldisasters https://t.co/lVZhBcDcFs",1
2023-04-12 14:50:36+00:00,weather_source,"&amp; beyond. These storms have caused billions of dollars in damage &amp; claimed countless lives.
https://t.co/8mPVOxnDwR
#ClimateChange #GlobalWarming #HurricaneRisks #WeatherChanges #EnvironmentalImpact #Sustainability #NaturalDisasters",1
2023-04-12 14:15:00+00:00,SmithMosesCozad,"With hurricane season in full-force, there are some steps you can take that may help you ""disaster-proof"" your home. Read more:  #hurricane #flood #naturaldisasters https://t.co/H7y4UrtU9N",1
2023-04-12 14:00:08+00:00,MSF_canada,"#MentalHealth support is crucial, especially after experiencing #naturaldisasters.

In #T√ºrkiye (#Turkey), we are supporting local organizations to survivors as they rebuild their lives following the February #earthquakes.

Read the testimonies üëá https://t.co/7NeEducX2c",1
2023-04-12 12:55:06+00:00,WTWrisk,"#Climatechange and increasing exposure to #extremeweather events have caused a surge in #naturaldisasters, causing large-scale damage. it‚Äôs never been more critical for oragnizations to understand, quantify and mitigate against NatCat risks - https://t.co/TZ6C2LZXji https://t.co/KSnobS9w2k",1
2023-04-12 09:28:21+00:00,mazeguillaume,"10/
ü§ñ #chatGPT says ‚û°How can we better understand the impacts of natural disasters like tsunamis and storm surges on coastal communities, and develop strategies to mitigate them? #naturaldisasters #coastalresilience",1
2023-04-12 08:25:11+00:00,infrastructure4,"#Naturaldisasters, along with maintenance #backlogs, continue to threaten the condition and safety of South Africa‚Äôs #infrastructure, prioritising the need for specialist skills | https://t.co/3P8cHfOSM9 https://t.co/90ahPdtMdZ",1
2023-04-12 06:30:00+00:00,CCR_Re,"üìÖ Thursday 27 April at 11 am (CET), attend the 3rd edition of #ReinsuranceHotTopics on the #CatNat model and its challenges.

‚¨áÔ∏è Register now! ‚¨áÔ∏è

#insurance #reinsurance #forecasting #prevention #investments #responsible #live #climate #naturaldisasters #risks",1
2023-04-11 22:32:30+00:00,alexellemj,"In the same way that you prepare your home for an approaching storm, it‚Äôs essential to prepare your business for potential interruptions or loss of income caused by natural disasters or external factors. #Business #NaturalDisasters https://t.co/zqjBrmvuCq",1
2023-04-11 22:24:42+00:00,llphp,"For most of us, our #Pets are like family, so when we‚Äôre writing our Family #EmergencyPlans, especially when considering #NaturalDisasters, it‚Äôs important to make sure we #Plan adequately for our pets and include #Provisions for them.

#NationalPetDay #NationalPetDay2023 https://t.co/yzsqZ3CpS0",1
2023-04-11 20:30:24+00:00,PlanetSWAMPY,What to know about landslides! #tuesday #soils #geology #hydrology #waters #earthday #naturaldisasters ‚Å¶@GOSWAMPY‚Å© ‚Å¶@ReguNation‚Å©  https://t.co/HRU9AEviGz,1
2023-04-11 16:59:07+00:00,naalikeram,"‡¥™‡µÅ‡¥®‡¥∞‡¥ß‡¥ø‡¥µ‡¥æ‡¥∏‡¥Ç ‡¥µ‡µà‡¥ï‡µÅ‡¥®‡µç‡¥®‡µÅ; ‡¥Æ‡¥≤‡¥™‡µç‡¥™‡µÅ‡¥±‡¥Ç ‡¥™‡µã‡¥§‡µç‡¥§‡µÅ‡¥ï‡µΩ ‡¥§‡µÅ‡¥ü‡µÅ‡¥Æ‡µÅ‡¥ü‡µç‡¥ü‡¥ø ‡¥Ü‡¥¶‡¥ø‡¥µ‡¥æ‡¥∏‡¥ø ‡¥ï‡µã‡¥≥‡¥®‡¥ø ‡¥®‡¥ø‡¥µ‡¥æ‡¥∏‡¥ø‡¥ï‡µæ ‡¥∏‡¥Æ‡¥∞‡¥§‡µç‡¥§‡¥ø‡µΩ

#Malappuram #Rehabilitation #NaturalDisasters #AsianetNewsLive #KeralaNewsLive #MalayalamNewsLive

üëâ https://t.co/cY4tzKonO4 https://t.co/x1VeE0daa4",1
2023-04-11 15:20:21+00:00,InsuResilience,"Welcome BRAC to the Partnership!üëè‚ú®

We look forward to working with @BRACworld to ensure financial #protection through effective #insurance programs for #vulnerable communities facing #ClimateChange and #NaturalDisasters.üå™Ô∏èüåä

More about our members:
‚û°Ô∏èhttps://t.co/n3SKcUtapM https://t.co/cPeY2ovkVH",1
2023-04-11 14:36:52+00:00,movetwfilms,"Listening to ""Rebuilding Lives Hurricane Michael Recovery Updates"" at  https://t.co/Oedk8dLvdq #naturaldisasters #disasterrecovery #disasterpreparedness #tornado #hurricane #insurance #disaster #earthquakes #hurricaneMichael #mothernature #panamacity #makeitbetter",1
2023-04-11 14:21:01+00:00,FSU_SocialWork,"@FSU_SocialWork Crim Sabuncu,Amy L. Ai with Wenyi Li examine factors affecting #PTSD related to #naturaldisasters - Better to Not Be Alone: Relationships between Hurricane Related #Trauma, Spiritual Support, and Social Support https://t.co/cwjDvsyYkA  #FSUCSWPhD #CSWResearch",1
2023-04-11 12:58:19+00:00,UNDPTM,"With the support of @UNDPEurasia the @UNDPTM launched a two-day training on #DisasterRecoveryPlanning and Needs Assessment to increase the country's resilience and preparedness for #NaturalDisasters. Read more https://t.co/s4YQi49XGV
#ClimateChange #DRR #PDNA #SDGs",1
2023-04-11 12:17:24+00:00,MichaelGouldCRI,"In the same way you prepare your home for an approaching storm, it‚Äôs essential to prepare your business for potential interruptions or loss of income caused by natural disasters or external factors. 
#Insurance #Business #NaturalDisasters https://t.co/v7eP6XPC8c",1
2023-04-11 05:22:06+00:00,YouAreNetcom,"Report: Shooting kills 3 Kurds celebrating new year in Syria #MiddleEast #Naturaldisasters #Politics #Syria #Turkeygovernment
https://t.co/8jrVjup0Aa",1
2023-04-11 03:02:34+00:00,pujaawasthi,What happened in #Joshimath is not an isolated occurrence. Throughout #Uttarakhand anthropogenic and natural causes are leading to landslides and sweeping away unbridled construction. Stay tuned for my report on many such wake up calls. #naturaldisasters #Himalayas #ecosystems https://t.co/HhUHWzTUxP,1
2023-04-11 01:50:00+00:00,nataglaw,#NaturalDisasters can impact #ag operations. Learn more about how the #federalgovernment plays a role in assisting agricultural producers dealing with these issues in the Disaster Assistance/#CropInsurance Reading Room: https://t.co/95qwXjs6ng,1
2023-04-10 22:12:00+00:00,joybells49,'Natural Disasters are Intensifying: Coincidence or a Warning'? [https://t.co/w5IeNtV6Oe] The number of disasters has tripled in the last 30 years. Why does God allow this? God knows best! #EndTimes #PrayForFlorida #HurricaneIan #MidtermElections #ShockAndAwe #NaturalDisasters https://t.co/CijJXk9PLr,1
2023-04-10 19:17:54+00:00,IA_Forum,#Naturaldisasters cause substantial property and economic damage to the United States every year. @jenny_schuetz outlines steps we can take to prepare for these climate events.  https://t.co/RHTmcsmQlQ via @BrookingsInst,1
2023-04-10 18:15:00+00:00,farmpress,"The #stress following #NaturalDisasters can affect long-term health. Learn more about processing emotions after a traumatic event and find Extension publications for help on coping with disaster. @MSUExtService 

https://t.co/Fen95kFY2j",1
2023-04-10 18:00:13+00:00,HealthyPlace,"Coping with #Depression Through #NaturalDisasters. New. | https://t.co/yaRCH1FSYE
--
#marshallfire #tornadoes #majordepression #mdd #majordepressivedisorder #bipolardisorder #existentialism #existentialworry #mentalhealth #mentalillness #mhsm #mhchat https://t.co/ar6OzZzhPj",1
2023-04-10 06:14:06+00:00,VizhuthugalM,"4‡Æµ‡Æ§‡ØÅ ‡ÆÆ‡ØÅ‡Æ±‡Øà ‡ÆÆ‡ØÄ‡Æ£‡Øç‡Æü‡ØÅ‡ÆÆ‡Øç ‡Æ®‡Æø‡Æ≤‡Æ®‡Æü‡ØÅ‡Æï‡Øç‡Æï‡ÆÆ‡Øç

#andamanislands #earthquake2023 #4thtime #shockingnews #naturaldisasters https://t.co/l1nKnFVdFM",1
2023-04-10 05:07:03+00:00,Global_TazaNews,"#BreakingNews 
4.6 magnitude earthquake jolts Andaman and Nicobar Islands.  
#earthquake #andamanandnicobar #andamanearthquake #naturaldisasters https://t.co/kecMCQHkNt",1
2023-04-10 04:50:04+00:00,barta_ne,"4.6 Magnitude Earthquake Jolts Andaman And Nicobar Islands.

#bartane #earthquake #andamanandnicobar #andamanearthquake #naturaldisasters https://t.co/ggZBoItAW2",1
2023-04-09 23:49:57+00:00,seguros9,"#RiesgosNaturales que pueden resultar #RiesgosCatastroficos si tienen acceso al apoyo de la #GestionActuarial mediante #CoberturasPatrimoniales üìä

Seg√∫n referencia de #swissRe menos de la mitad de las perdidas por #NaturalDisasters fueron cubiertas üìë #9TipsRe 

üëáüèº",1
2023-04-09 22:25:32+00:00,not_Jcopacetic,"Check it out, new episode starts at 7pm cst tonight!

#Shooting #SiliconValleyBank #BlackRock #Vanguard #BRICS #Russia #InvestmentManagers #GlobalConflict #PropagandaMachine #NaturalDisasters #BreakingNews #Russia #Ukraine #StockMarketcollapse#January6thInsurrection #MediaLies‚Ä¶",1
2023-04-09 22:17:17+00:00,FassbenderENG,Tornado insurance coverage is real but watch for loopholes #NaturalDisaster #Weather #Natural #NaturalDisasters [Video] https://t.co/d58SpZ7K93,1
2023-04-09 11:30:00+00:00,learnwithcomics,"Experience the awe-inspiring power of nature with our ""Tsunami"" comic! üåäüìö #Tsunami #NaturalDisasters
@malpani @cbseindia29 @TeachersUnmuted @Anupam_Sharmaa 

https://t.co/4EXpPJ3SHk https://t.co/8hHuQIE4S6",1
2023-04-09 09:18:49+00:00,CurentCraze,"Breaking News: Bay Area Struck by Three Earthquakes in Minutes - Is Your Home Prepared for the Next Big One?
#BreakingNews #BayArea #Earthquakes #HomePreparedness #NaturalDisasters #EmergencyPreparedness #Safety

Find Out More - Click Here for Details!üëáhttps://t.co/aaZwqpQvBEüëà https://t.co/4WO68I5mpG",1
2023-04-08 19:15:07+00:00,HealthyPlace,"Coping with #Depression Through #NaturalDisasters. New. | https://t.co/yaRCH1FSYE
--
#marshallfire #tornadoes #majordepression #mdd #majordepressivedisorder #bipolardisorder #existentialism #existentialworry #mentalhealth #mentalillness #mhsm #mhchat https://t.co/WQylIjqOB0",1
2023-04-08 15:46:11+00:00,odishabhaskar,"Earthquake of 4.1 Magnitude Hits Nepal's Kathmandu #Earthquake #EarthquakeinKathmandu #Kathmandu #Nepal #NaturalDisasters 
https://t.co/B3yNUQkzaK",1
2023-04-08 15:37:26+00:00,odishabhaskar,"Earthquake of 4.1 magnitude hits Kathmandu of Nepal; no casualties or damages reported
#Earthquake #EarthquakeinKathmandu #Kathmandu #Nepal #NaturalDisasters https://t.co/cwTtUPEjJ5",1
2023-04-08 06:00:19+00:00,raakeshdesai4,"As predicted, the numbers 4, 8, and 9 created this unfortunate
situation. Let's pray for the victims and their families. üôè

#Numerology üî¢ #TornadoSeason üå™Ô∏è #MissouriTornado üå™Ô∏è
#NaturalDisasters üåç #NumerologyReadings üîÆ #TornadoPreparedness üö®
#MissouriWeather https://t.co/MPQrMaeYn4",1
2023-04-08 04:57:00+00:00,nataglaw,#NaturalDisasters can impact #ag operations. Learn more about how the #federalgovernment plays a role in assisting agricultural producers dealing with these issues in the Disaster Assistance/Crop Insurance Reading Room: https://t.co/95qwXjs6ng,1
2023-04-08 04:00:57+00:00,VeronicaGlamis,I feel for these people but they still appear to think the govt caused the Cyclone and massive flooding. #NaturalDisasters Key's govt failed to fund the infrastructure/roading. 'Worse than Covid': Coromandel lashes out over highway fix  https://t.co/EGrRyzFEsu,1
2023-04-07 19:34:25+00:00,ArmandoZH1,"Last year, less than half of the USD 275 billion global #economic losses from #NaturalDisasters were covered by #insurance. In 5 charts, learn more key findings from the latest #NatCat sigma report: https://t.co/wuZlOdUBpD.
#ClimateAction #ClimateRisk https://t.co/mi0jGSC8lj",1
2023-04-07 18:26:17+00:00,paydesk,#bangladesh #naturaldisasters The Chattogram... https://t.co/KMeDvKje8i,1
2023-04-07 17:15:31+00:00,JasaratAlert,"ŸÇÿØÿ±ÿ™€å ÿ¢ŸÅÿßÿ™ ŸÖ€å⁄∫ ÿßÿ∂ÿßŸÅ€Åÿå ŸÖÿßÿ≠ŸàŸÑ ÿØÿ¥ŸÖŸÜ ⁄©Ÿàÿ¶ŸÑ€í ⁄©ÿß ÿßÿ≥ÿ™ÿπŸÖÿßŸÑ ÿ®⁄æ€å ÿ¨ÿßÿ±€å...
https://t.co/Fkk6mhVTC3
#NaturalDisasters
#GlobalCrisis https://t.co/gftDg6Jmel",1
2023-04-07 15:00:02+00:00,TaraAnneBenson,"How do employers respond and reopen in the wake of #naturaldisasters, and how can they best minimize the risk to workers assisting with recovery efforts? Read this article to learn more. #climatechange https://t.co/vZtxs3BU4O https://t.co/oiamtxjW6O",1
2023-04-07 14:11:00+00:00,crisisreadiness,"#NaturalDisasters are becoming an increasing threat to #SouthAsia, where populations already face significant environmental, health &amp; economic challenges.

Our previous event delved into the topic, and investigated how to best solve this critical issue:
https://t.co/59KpUHfsb8 https://t.co/N5flMhnS53",1
2023-04-07 09:58:43+00:00,KINGDUID,"THIS Is the Safest Place to Live in the US as the Climate Changes https://t.co/AtmvnUsaPg via @YouTube

#climatemigration #naturaldisasters",1
2023-04-07 09:37:08+00:00,FassbenderENG,"Tornado insurance coverage is real  but watch for loopholes   #NaturalDisaster #Weather #Natural #NaturalDisasters [Video]

https://t.co/jDsnfbyYpX",1
2023-04-06 21:00:04+00:00,GotopnewsUsa,Was your home damaged in a tornado? Here‚Äôs what to do next #Tornadoes #NaturalDisasters #UsNews #Lifestyle #Business https://t.co/3O4eW9WYt3,1
2023-04-06 19:00:13+00:00,HealthyPlace,"Coping with #Depression Through #NaturalDisasters. New. | https://t.co/yaRCH1FSYE
--
#marshallfire #tornadoes #majordepression #mdd #majordepressivedisorder #bipolardisorder #existentialism #existentialworry #mentalhealth #mentalillness #mhsm #mhchat https://t.co/aEFffs0eOH",1
2023-04-06 17:53:04+00:00,physorg_space,Costs of #naturaldisasters set to increase with continued rise in CO2 and #globaltemperature @bidmchealth https://t.co/iDVXf5Llyz https://t.co/FCcUb45sGH,1
2023-04-06 17:33:43+00:00,WizKidWord,Amazing Tornado Captured by Amie Kuxhaus https://t.co/h54XZgEMv0 #Tornado #Stormchasing #Weatherphotography #Naturaldisasters #AmieKuxhaus #Extremeweather #Severestorms #Twister #Tornadofootage #Weatherphenomenon #Stormspotting #Incredibleweather #Amazingnature #Weathervideo,1
2023-04-06 16:55:03+00:00,SpecifierMagCSI,Secret to protecting buildings from severe weather events @CSIConstruction https://t.co/haIEl5CBgG #construction #disastermanagement #hurricanes #insulatedconcreteforms #naturaldisasters #severeweatherevents #tornadoes https://t.co/LqcGh8ubTU,1
2023-04-06 15:48:07+00:00,LitePrism,"Adverse climate experiences can affect childhood development beyond physical health and safety. That‚Äôs why it‚Äôs one of the four realms of Adverse Childhood Experiences. #AdverseChildhoodExperiences #ClimateChange #ChildDevelopment #NaturalDisasters #Pandemics 
See our graphic: https://t.co/4k9xjUK3Tg",1
2023-04-06 15:17:16+00:00,JosefaSacko,"I met Dr Mothae Maruping, Chair of the Board of @ARCapacity &amp; Mr Ibrahima Diong, DG of ARC, here @AU_DARBE. We debriefed on the just ended 13th Conference of Parties for Africa Risk Capacity as we continue to better plan, prepare, &amp; respond to #naturaldisasters on the continent https://t.co/xQWNjfC9HG",1
2023-04-06 15:01:47+00:00,MechBusiness,"HeatLink‚Äôs warehouse in Covington, TN was severely damaged by a tornado on March 31, and is indefinitely closed.
.
.
.
Click on the link for more details: https://t.co/6k6Z4eczIi 
#HeatLink #tornados #HVAC #plumbing #naturaldisasters https://t.co/rtYIgyapua",1
2023-04-06 14:30:04+00:00,CityLivingNews1,citidotio: Turkey-Syria¬†earthquake: a seismologist explains what just¬†happened https://t.co/KaslaJsMwX #Seismology #Syria #Turkey #Earthquake #TurkeyEarthquake #NaturalDisasters,1
2023-04-06 14:22:18+00:00,travelwithcap,"Your best defense against a hurricane is to be proactive. Here are some tips to prepare yourself: https://t.co/1OQ04xs97n

#TravelWithCAP #Hurricane #Emergency #HurricaneGuide #StaySafe #NaturalDisasters #HurricaneTips https://t.co/mwpFJGdkaS",1
2023-04-06 14:21:34+00:00,LifeCities,citidotio: Turkey-Syria¬†earthquake: a seismologist explains what just¬†happened https://t.co/mtPzv6Ewyl #Seismology #Syria #Turkey #Earthquake #TurkeyEarthquake #NaturalDisasters,1
2023-04-06 14:01:36+00:00,citidotio,Turkey-Syria¬†earthquake: a seismologist explains what just¬†happened https://t.co/SBAqKQ8Jme #Seismology #Syria #Turkey #Earthquake #TurkeyEarthquake #NaturalDisasters,1
2023-04-06 12:19:30+00:00,tsolomon91,#naturaldisasters #industrialrevolution #globalization #planetaryhealth #onehealth #globalhealth #publichealth #populationhealth #swdchallenge @storywithdata https://t.co/7Kfz543oIe https://t.co/BX0rIFjwjT,1
2023-04-06 07:00:41+00:00,AIIANational,"#Naturaldisasters in 2021 triggered internal displacements of over 23.7 million people. Of these, 13.7 million were in #EastAsia and the #Pacific region, and half of those displaced are #womenandgirls. -@BettyBarkha for Australian Outlook.

üëâRead here: https://t.co/hEPXqlQZoJ https://t.co/qdajJDHhlT",1
2023-04-05 22:00:00+00:00,QS2Point,"5 NAS Backup Strategies: Pros and Cons Explained
https://t.co/5fxtoac8nF

#ProsAndCons #NAS #Containers #Security #SoftwareDevelopment #vulnerabilities #NaturalDisasters #technology #Backup",1
2023-04-05 21:06:01+00:00,QS2Point,"5 NAS Backup Strategies: Pros and Cons Explained 
https://t.co/q9whokQbmL 

#ProsAndCons #NAS #Containers #Security #SoftwareDevelopment #vulnerabilities #NaturalDisasters #technology #Backup https://t.co/azktSNAm1r",1
2023-04-05 17:31:40+00:00,HumanTimesMedia,Multiple fatalities reported after tornado hits Missouri. #MissouriTornado #TornadoWatch #NaturalDisasters https://t.co/ziIUGR7BPR,1
2023-04-05 16:00:00+00:00,zamzam180,"In times of crisis, non-profit organizations are on the frontlines providing critical aid and support to those affected by disasters.

Read our blog to learn more.

#DisasterRelief #Nonprofits #NaturalDisasters #RestoreHope #CriticalRole #HumanitarianAid https://t.co/VsH4nIqeHC",1
2023-04-05 13:05:00+00:00,MapsofIndia,"#Naturaldisasters are beyond human control. India has faced some very deadly disasters in its history.

Click below to learn more
https://t.co/GowOGnp2ju

#India #MyIndia #MapsOfIndia",1
2023-04-05 08:29:05+00:00,UITPnews,"üö® Don't miss the #UITPEurasia webinar on #Resilience in #PublicTransport on 13 April at 11:00-13:00 CET!

Learn from experts how to prepare for and manage #incidents &amp; #NaturalDisasters, ensuring continuity and a resilient network. 

üëâRegister now! üöáüåç 
https://t.co/pS8NkizqN6 https://t.co/31p4SgIae0",1
2023-04-05 06:33:29+00:00,geoworldmedia,"#opinion | #EarthObservation that protect Canadians from #naturaldisasters gain far greater political and fiscal recognition than arguing for a budget, opines @LoubierEric Director General, @RNCan @NRCan. #mapping #ClimateAction 
https://t.co/0CCNxxenkG",1
2023-04-04 23:52:42+00:00,envpk_,"Our Climate is Changing!

#climatechange #climateaction
#ClimateAction #ClimateCrisis
#ClimateAwareness #ClimateEmergency #naturaldisasters #extreamweather
#globalwarming #GLOF #flood #environment #nature #earth
#envpk #EnvironmentPakistan https://t.co/TafHbthV24",1
2023-04-04 22:57:00+00:00,nataglaw,#NaturalDisasters can impact #ag operations. Learn more about how the #federalgovernment plays a role in assisting agricultural producers dealing with these issues in the Disaster Assistance/#CropInsurance Reading Room: https://t.co/95qwXjsEcO,1
2023-04-04 20:19:07+00:00,Danielledeco,"‚ÄúIcon claims to be able to erect a 55-75 square meter home in just 24 hours for $4,000 or less, whereas the average cost for the same-sized house made of conventional materials such as concrete or brick &amp; mortar is‚Ä¶40 times as much.‚Äù 

#architecture #3Dprinting #naturaldisasters",1
2023-04-04 18:00:03+00:00,TaraAnneBenson,"This article on extreme weather events features my colleagues, Jennifer Ferris and Chandler Gramm of @Marsh_MMA Dakotas. Learn more about how risk management advisors work with #Agribusiness to mitigate the effects of #naturaldisasters. https://t.co/FyuAkN3XQV https://t.co/obPFaiNGBX",1
2023-04-04 17:30:34+00:00,conserv_tribune,"""Biden said: 'I‚Äôve got my mind going here.' I believe it. Going, going, gone.""
 
 #Bidengaffes #JoeBiden #Mississippi #naturaldisasters #nature #tweet #USnews #video #weather https://t.co/MfeYTeQ0hM",1
2023-04-04 15:48:40+00:00,TarinResources,"Check out this great blog from our friends @veridaascorp explaining why/how the earth‚Äôs elevation can change and the importance of accurate #elevationdata during #naturaldisasters such as flood modeling.
https://t.co/ePVywnHE7c
#geospatialhub #geospatialdata #geospatialtechnology",1
2023-04-04 11:00:12+00:00,InsNewsNet,"Is the insurance industry in denial about the impact of climate change? With natural disasters on the rise, it's time to face the hard truth: https://t.co/XzzOLhcuUI 
 #climatechange #insurance #naturaldisasters",1
2023-04-04 10:05:02+00:00,AKennaway,"Last year, less than half of the USD 275 billion global #economic losses from #NaturalDisasters were covered by #insurance. In 5 charts, learn more key findings from the latest #NatCat sigma report: https://t.co/pFWIQ18y5S.
#ClimateAction #ClimateRisk https://t.co/w6jQKixtLw",1
2023-04-04 09:03:28+00:00,MalawiAce,"But it seems not much has been learned from all the previous floods, and not much has been done to prepare against such #NaturalDisasters. We would like to see #Malawians raising money for #FloodDefences now, and not putting out fires AFTER THE DAMAGE HAS ALREADY BEEN DONE 3/4",1
2023-04-04 06:19:15+00:00,NorthlinesJK,#JKAdministration to set up Emergency Operation Centers in 20 districts to minimise damage of #NaturalDisasters https://t.co/WO7BGroiei,1
2023-04-04 05:53:59+00:00,tspuser2605,"04/03/2023 (Monday)
10 things you need to know today: April 3, 2023
https://t.co/EnZXAIvbJz via @TheWeek
#DonaldTrump #NewYork #AntonyBlinken #Russia #EvanGershkovich #naturaldisasters #RonDeSantis #VladlenTatarsky #AsaHutchinson #Finland #SannaMarin #Twitter #NewYorkTimes #OPEC‚Ä¶ https://t.co/PE0kOZYwHz",1
2023-04-03 23:25:20+00:00,gvannostrand,Just in case of #NaturalDisasters #preparedness #PREPARE #Weather #Florida I bought a generator https://t.co/HZ5rKr7sRg,1
2023-04-03 22:54:01+00:00,joybells49,'Natural Disasters are Intensifying: Coincidence or a Warning'? [https://t.co/w5IeNtV6Oe] The number of disasters has tripled in the last 30 years. Why does God allow this? God knows best! #EndTimes #PrayForFlorida #HurricaneIan #MidtermElections #ShockAndAwe #NaturalDisasters https://t.co/uzE1t4yXQ4,1
2023-04-03 19:35:42+00:00,realnmintoh,"Devastating natural disasters continue to wreak havoc around the world. Let's prioritize preparedness, response, and support for affected communities in times of crisis. #NaturalDisasters #ClimateChange",1
2023-04-03 15:05:03+00:00,maternova,Start the week with a critical read on providing #maternalcare and #maternalhealth services after #naturaldisasters : https://t.co/qZjlyAENMA #globalhealth #publichealth #health,1
2023-04-03 14:00:02+00:00,feedmileapp,"Russia's Kamchatka east coast strucked by 6.6 magnitude earthquake, no damages reported yet. 

#feedmile #russia #earthquake #naturaldisasters #naturalcalamity #magnitude #damage #Kamchatka https://t.co/u7teddCiOK",1
2023-04-03 13:36:25+00:00,Pavel_M81,&lt;Spain on fire: large-scale forest fire cannot be extinguished for several days#wildfire #wildfireSpain #forest #fire #cataclysms #climatedisaster #Disaster #naturaldisasters https://t.co/dOdscqOrgY,1
2023-04-03 12:58:48+00:00,not_Jcopacetic,"Check out Sunday's episode!

Ep.30: New Trump Video Emerges Amidst Indictment Coverage! https://t.co/BpvkVSqhY1 

#CryptoBanking #SiliconValleyBank #NaturalDisasters #BreakingNews #Russia #Ukraine #WorldEvents #CurrentAffairs #GlobalPolitics #USPolitics #ClimateChange‚Ä¶",1
2023-04-03 10:02:26+00:00,EarthDoomsday14,"Italy Ravaged by Fierce Storm Causing Widespread Damage and Flooding. #naturaldisasters #extremeweather #caughtoncamera #italy2023 #italystorm

Full video:- https://t.co/ei8rrnWBtk https://t.co/6Te1ZIIBXK",1
2023-04-02 20:40:53+00:00,NurseJeyJey,"How we are cooking till energy is restored ü§£ü§£ü§£
Am camping in my house for now.
#Campcooking
#tornadoes 
#NaturalDisasters https://t.co/s7IF9y7nj8",1
2023-04-02 20:21:15+00:00,tspuser2605,"04/02/2023 (Sunday)
10 things you need to know today: April 2, 2023
https://t.co/Hu7EXSrVIg via @TheWeek
#naturaldisasters #DonaldTrump #Russia #BrittneyGriner #EvanGershkovich #UBS #CreditSuisse #SouthKorea #Portugal #Finland #SannaMarin #PopeFrancis #PalmSunday2023‚Ä¶ https://t.co/OeaT2PrwOK",1
2023-04-02 16:21:58+00:00,SylvanaPilidou,Interesting trends. Complicated to interpret. Think of rapid population growth.Think of increased awareness for #NaturalDisasters. Earthquake data even more puzzling due to the dramatic changes in the built environment and population plus the irregularity of earthquake occurance. https://t.co/ogTB2tEw5l,1
2023-04-02 09:15:05+00:00,GermanyInAfrica,"Stand together for a #NeuroInclusive world üåç üíõ
#Pandemics, wars &amp; #naturaldisasters disrupt daily routines making #autistic people more vulnerable. On #WorldAutismAwarenessDay we advocate for ‚¨ÜÔ∏è #AutismAwareness &amp; acceptance. #WAAD2023 #differentnotless Retweet in unity üôèüèæ https://t.co/z0Sghkzdcu",1
2023-04-02 06:09:00+00:00,abt_live,"Hundreds Injured After Massive, Fast-Moving #Tornado Hits Little Rock .....Please follow to support..... https://t.co/Hf1160Ut1C #Arkansas #naturaldisasters",1
2023-04-02 04:33:07+00:00,NewSpaceEconomy,The Ripple Effect: How Natural Disasters Impact the Space Economy https://t.co/WYvwvf3A6a #Analysis #SpaceEconomy #Taxonomies #NaturalDisasters,1
2023-04-02 04:00:01+00:00,BySustainable,"Could sustainable space exploration help mitigate natural disasters?
#sustainablejapan #sustainability #japantimes #space #naturaldisasters #meteorology #climatology #climatechange
https://t.co/DvsUbk8ssi",1
2023-04-02 03:54:20+00:00,tspuser2605,"04/01/2023 (Saturday)
10 things you need to know today: April 1, 2023
https://t.co/FLzag6kf4F via @TheWeek
#naturaldisasters #Dominion #FoxNews #PopeFrancis #TikTok #Russia #EvanGershkovich #NBA #depression #JohnFetterman #ElonMusk #Dogecoin #Twitter #Rust #DavidHalls https://t.co/l4J4tdxv53",1
2023-04-01 23:40:00+00:00,goatescapes,"https://t.co/8ccnVRKrrv Are you planning a trip to St. Thomas during hurricane season? Don't forget to check the forecast often, buy travel insurance, &amp; pack a hurricane kit. Stay safe and prepared! #StThomas #HurricaneSeason #TravelPreparedness #CaribbeanTravel #NaturalDisasters",1
2023-04-01 22:07:04+00:00,LetsGoBackToWCW,"4/1/1990

Earthquake defeated Hercules at #Wrestlemania VI from the Skydome in #WWEToronto, Canada.

#RIPJohn #Earthquake #NaturalDisasters #RIPRay #Hercules #HerculesHernandez #WWE #WWESuperstar #WWESuperstars #WWELegend #WWELegends #WWEHistory https://t.co/6WRuwNdqp1",1
2023-04-01 14:56:13+00:00,theSundaily,"The Arkansas tornado whipped across the state in the afternoon, causing  what Governor Sarah Huckabee Sanders called ‚Äúwidespread damage.‚Äù

#theSun #theSundaily #naturaldisasters #Tornado #Arkansas #USA #WorldNews 

https://t.co/gxJqVFl4oW",1
2023-04-01 14:36:30+00:00,ldeffinbaugh,"""Sending our thoughts and prayers to those affected by the recent tornadoes in the South and Midwest. Stay informed and learn more about the damages in our latest blog post. #Tornadoes #NaturalDisasters #StaySafe https://t.co/zxYIYNWivr""",1
2023-04-01 10:35:57+00:00,_GRILLMASTER,"bot: Ugh, that's terrible! üòí Comoros, the ""perfume islands,"" is now the world's biggest producer of smelly plants. What a shame their unique biodiversity is declining due to excessive demand! üåøüòûüåçüá∞üá≤ #Comoros #NaturalDisasters #EcosystemCrisis",1
2023-04-01 07:45:14+00:00,TKnaust,"Last year, less than half of the USD 275 billion global #economic losses from #NaturalDisasters were covered by #insurance. In 5 charts, learn more key findings from the latest #NatCat sigma report: https://t.co/GNVHORlTuv.
#ClimateAction #ClimateRisk https://t.co/1SVJvmsbEi",1
2023-04-01 06:55:13+00:00,h3l3tweet,"Last year, less than half of the USD 275 billion global #economic losses from #NaturalDisasters were covered by #insurance. In 5 charts, learn more key findings from the latest #NatCat sigma report: https://t.co/fIqwHWwONR.
#ClimateAction #ClimateRisk https://t.co/kpo8cb7fAA",1
2023-04-01 04:07:34+00:00,DogwoodAlliance,"#Mississippi and #Alabama communities are struggling to rebuild after  #NaturalDisasters. Please #donate to support organizations on the ground and fundraising efforts for Camp Hill, Alabama's #recovery. Even small contributions can make a difference. See thread for details. https://t.co/T3MWrE1KAv",1
2023-04-01 03:17:31+00:00,LuisMenesesR,"Last year, less than half of the USD 275 billion global #economic losses from #NaturalDisasters were covered by #insurance. In 5 charts, learn more key findings from the latest #NatCat sigma report: https://t.co/vrF7iCJXtP.
#ClimateAction #ClimateRisk https://t.co/fQZswKj2IG",1
2023-04-01 02:49:23+00:00,IPDefenseForum,"""Indonesia's Agency for Meteorology, Climatology, and Geophysics (BMKG) and the USAID partner on early warning systems for disaster risk reduction.""

#ClimateChange #Indonesia #Climatology #EarlyWarning #DisasterRelief #NaturalDisasters #Technology 

https://t.co/iZXBhEh09M",1
2023-03-31 23:00:27+00:00,VakayEveryDay,"Supporting those affected by natural disasters with long term housing and assistance. We can all make a difference and ensure no one is left behind.

#naturaldisasters #longtermhousing #support #community #makeadifference #makeadifference",1
2023-03-31 18:56:16+00:00,lakecountyema,#NaturalDisasters #quoteoftheday #lastdayofmarch #weatherpreparedness #Tornadowatch #tornadowarning https://t.co/2ADDo59r23,1
2023-03-31 18:17:40+00:00,idarecares,"Besides food and water, what are your top 5 emergency items you would like to include in your emergency kits? Take this challenge with us!
#idarecares

#disasterpreparedness #disasters #Emergency #earthquake #fire #naturaldisasters #manmadedisasters 

https://t.co/hbIWiTLEgP",1
2023-03-31 17:53:41+00:00,llphp,"While I largely focus on #Preparedness for #NaturalDisasters &amp; #Health &amp; #Safety #Emergencies, it‚Äôs important to remember you can experience #Technology emergencies as well.

Backing up your data is an important way to #BePrepared for a #TechnologyEmergency.

#WorldBackupDay https://t.co/Ah2wcvLymY",1
2023-03-31 14:45:55+00:00,BRINKNewsNow,"This page is no longer active, please follow @MarshMcLennan for the latest in timely, insightful research and news on risk related topics such as #Leadership, #NaturalDisasters, #Trade, #CyberSecurity, #ClimateChange the #Economy and more. https://t.co/CnS2PFPBze https://t.co/wnMjvB0YIu",1
2023-04-18 04:28:49+00:00,massblogxyz,#Mini #Snoop #Dogg Is #Ultimate #Version of #Chill in 19 #Crimes Ad https://t.co/fWCNfrdlJi,0
2023-04-18 04:25:45+00:00,MichaelOngRisk,Chicago is DOOMED #vandalism #violence #Chicago #crimes @MayorChicago #police #Walmart,0
2023-04-18 03:58:10+00:00,MichaelOngRisk,Chicago is DOOMED #vandalism #violence #Chicago #crimes @MayorChicago #police,0
2023-04-18 03:17:34+00:00,takuarm,#AnnaMaeAquash killed because she knew too much about the #uranium #mining in and around #PineRidge #USA have committed so many #crimes on #hometurf #Thunderheart #tellthetruth https://t.co/RdqV5gBYZn,0
2023-04-18 03:11:56+00:00,victimrobclark,"We demand #transparent investigations of the #crimes &amp; #coverup of the crimes by #everyone on my list &amp; more to be discovered
cc @Chief_Moreira
@OPPCommissioner
@TPSMyronDemkiw
@CommrRCMPGRC
#cdnpoli #onpoli #abpoli #nspoli #bcpoli #nbpoli #skpoli #peipoli #mbpoli #nlpoli #qcpoli",0
2023-04-18 02:14:17+00:00,exoLedlight,"Ïú†ÎüΩÏó∞Ìï©ÏùÄ Î¶¨ÎπÑÏïÑ Íµ∞Î≤åÎì§Ïóê ÎèàÏùÑ ÎåÄÏ£ºÍ≥† Í∑∏ ÎèàÏùÄ Î≤îÏ£ÑÎ•º ÏñëÏÇ∞!

An investigation by #UN has concluded that money provided by #EU to state entities in #Libya has facilitated #crimes against humanity ranging from forced labor and sexual slavery to torture.
https://t.co/m7HnINVsVu",0
2023-04-18 01:54:07+00:00,underchadsspell,"@LisaDNews @Jim_Jordan is the poster boy for a #GOP hell-bent on destroying our #democracy by shielding #Trump from accountability for his #crimes. It's no longer a #political party, just a #cult of Trump #sycophants wedded to #whitesupremacy. No #American with a brain believes Jordan #Ohio https://t.co/u99wNZfY5I",0
2023-04-18 01:33:00+00:00,PSOLNoToFascism,"Perguntas p/o entrevistado do #rodaviva:
Qtos CRIMES de tortura vc j√° praticou?
Qtos #CRIMES contra os Direitos Humanos vc j√° praticou?
Obs: DH fazem parte dos direitos civis/#constitucionais
Se ele responder nenhum, √± acredite
#Pol√≠cia como a Rota √© uma SS em per√≠odo democr√°tico",0
2023-04-18 01:20:07+00:00,AuEpochTimes,"#Queensland Police Service has announced its officers will no longer be using a chokehold restraint that restricts blood supply during arrests amid a rise in serious #crimes in the Australian state.

https://t.co/fxuHfBAw1T",0
2023-04-18 01:11:30+00:00,klp723,How many other #crimes does he have to commit  before #taxpayers get rid of him??? #ClarenceThomas has sold #America out. #ClarenceThomasIsCorrupt #GOPHypocrisy #ClarenceThomasHasNoEthics #SCOTUSHasNoEthics #VoteBlueToSaveAmerica #GOPCorruptionOverCountry #SCOTUSIsCorrupt,0
2023-04-18 00:26:12+00:00,TheRedPill333,Lol üòÜ Republican Circus wants to defund everyone that points out Trumps #CRIMES. ü§° #America,0
2023-04-17 23:43:35+00:00,khanarif77,"1. Dear @girirajsinghbjp Babu ??? 
2. Do you know how to #Elaborate #Gundaraj under #Modisarkar and @yogi ji ?? 
3. These are the ground level #Gundaraj and #Crimes against humanity In a #UP @LambaAlka @DeepikaSRajawat @zoo_bear @yadavakhilesh @the_VinayDubey",0
2023-04-17 22:43:00+00:00,victimrobclark,"@PoliceAssocON @PierrePoilievre @RaquelDancho @MPJulian I Demand IMMEDIATE transparent #Investigations of my criminal complaints against #JustinTrudeau &amp; #DougFord &amp; member &amp; past members of their #parties!

@DRPS @OPP_News @TorontoPolice ALSO all have officers involved in the #coverup of the #crimes committed against me &amp; my family!",0
2023-04-17 22:35:00+00:00,NTDNews,"‚ÄúThe Chinese government deploys an elite task force ... as a troll farm to attack Chinese dissidents.‚Äù

The DOJ is charging 40 members of #China‚Äôs national police with #crimes related to a coordinated campaign of targeted harassment against U.S. residents. https://t.co/eXjYpL9xDW",0
2023-04-17 21:47:06+00:00,SherriRose711,"‚ÄúThe Chinese government deploys an elite task force ... as a troll farm to attack Chinese dissidents.‚Äù

The DOJ is charging 40 members of #China‚Äôs national police with #crimes related to 
Cont Read üëá 
https://t.co/0e8N0lSr6V",0
2023-04-17 21:06:29+00:00,schalk_larry,#NewYorkCity #NYC #crime #crimes https://t.co/vcLWWM6C9a,0
2023-04-17 20:51:23+00:00,schalk_larry,"#NYC #crime victim #JenniferHarrison slams #ManhattanDA #AlvinBragg for his leniency on #crimes. Jennifer Harrison lost her boyfriend due to brutal stabbing...
https://t.co/WjTOFMzTND
(Click the link above to watch in full screen.) https://t.co/mRT7qvl7wm",0
2023-04-17 20:39:40+00:00,dwklasing,#Pennsylvania #Couple #Charged with #Multiple #Tax #Crimes | #David #W. #Klasing https://t.co/ybIQGbwrl2 via @dwklasing,0
2023-04-17 19:15:37+00:00,Whatfinger1,"Rep. Mike Johnson said, The Democrats are diverting attention and distorting the truth because they find it hard to confront the facts... We are dealing with a widespread surge of violent #crimes, which is acknowledged by every #American. https://t.co/9GpsRK3Mlj",0
2023-04-17 19:05:24+00:00,khanarif77,"@LiveLawIndia @barandbench 
1. #Democracy is in Danger ! 

2. Citizens of #uttarpradesh even #Indian are scared to live their daily life in danger right now ! Everywhere is #Injustice #Hatespeech #Crimes on top but no justice by #Court due to under political pressure ??",0
2023-04-17 19:03:21+00:00,underchadsspell,"@lukebroadwater @Jim_Jordan is the poster boy for a #GOP hell-bent on destroying our #democracy by shielding #Trump from accountability for his #crimes. It's no longer a #political party, just a #cult of Trump #sycophants wedded to #whitesupremacy. No #American with a brain believes Jordan #Ohio https://t.co/aK0JquaaP7",0
2023-04-17 18:58:59+00:00,underchadsspell,"@Jim_Jordan @Jim_Jordan is the poster boy for a #GOP hell-bent on destroying our #democracy by shielding #Trump from accountability for his #crimes. It's no longer a #political party, just a #cult of Trump #sycophants wedded to #whitesupremacy. No #American with a brain believes Jordan #Ohio https://t.co/vuyrupQ4ej",0
2023-04-17 18:47:49+00:00,Rudio1John,#Chicago #crimes,0
2023-04-17 18:46:17+00:00,underchadsspell,"@keithboykin @Jim_Jordan is the poster boy for a #GOP hell-bent on destroying our #democracy by shielding #Trump from accountability for his #crimes. It's no longer a #political party, just a #cult of Trump #sycophants wedded to #whitesupremacy. No #American with a brain believes Jordan #Ohio https://t.co/7R3NXSJ4Ki",0
2023-04-17 18:33:06+00:00,s_ffron7,"A thread of the public alleged evidence against Andrew Tate, Tristan Tate and those who work for them. #AndrewTate #TristanTate #Misogyny #Discrimination #Hurt #Arrest #HouseRaid #Crimes #Claims #IncelCulture #IncelCommunity #Videos #Papers #Tweets #Police #PoliceInvestigations",0
2023-04-17 18:17:18+00:00,T2iD_,Homem de Kentucky processa Netflix por sua foto ser usada para document√°rio sobre crimes reais https://t.co/xyzPtdnsX4 #Netflix #crimes #Document√°rio #foto #homem,0
2023-04-17 18:16:47+00:00,BemusedAnAmused,"@gregg_re #MediaCollusion
#MediaTreachery
#Crimes
#PoliticalTreachery",0
2023-04-17 17:45:51+00:00,HumanDilemma_,"#LIVE #CHP chasing suspect accused of assaulting officer on 14 Freeway near Newhall

LIVE COVERAGE: https://t.co/04zheSvctO

LIKE AND RETWEET!
FOLLOW MY TWITTER FOR PDATES!
FOLLOW ME AT TWITCH FOR REAL NEWS, DAILY LIVE COVERAGE!  

#policepursuit #policechase #police  #crimes‚Ä¶ https://t.co/b5iZEL0qfq",0
2023-04-17 17:41:32+00:00,Europaetal,&lt;None of the #Russian occup.expr. regret for the #crimes they committed in #Ukraine[..]the #Wagnerites don't take prisoners&amp;routinely #murder #Ukrainiansoldiers[..]‚ÄúMost often w/a knife.We slashed the throat.We record it&gt;#Bakhmut #Russians #RussianArmy #RussianWarCrimesInUkraine,0
2023-04-17 17:40:24+00:00,lafimog,@PMSimferopol Good Night Russianüá∑üá∫ #Crimes. Good Morning Ukrainianüá∫üá¶#Crimea‚ÄºÔ∏è#VisitUkraine‚ö†Ô∏è https://t.co/lAytuGSzbd,0
2023-04-17 17:15:02+00:00,MichaelOngRisk,Societal Breakdown and Lawlessness in America - Beginning of the Big Downfall #America #lawlessness #theft #police #woke #liberals #Democrats #US #poverty #money #society #crimes,0
2023-04-17 17:14:52+00:00,TrueDisciple316,"Love Thy Neighbor. Be the change you want to see and make sure you are living a life worthy for eternal glory - the UCR reports that aggravated assaults increased by 10.5% in 2020, which includes serious physical attacks that can cause significant harm. #Crimes #Christ",0
2023-04-17 17:12:14+00:00,MichaelOngRisk,Societal Breakdown and Lawlessness in America - Beginning of the Big Downfall #America #lawlessness #theft #police #woke #liberals #Democrats #US #poverty #money #society #crimes,0
2023-04-17 16:56:12+00:00,joesolomio,@GOP #Hypocrisy #State of #ownaffairs @Jim_Jordan #moneyWASTED #crimes #worthless #politicians #obstructionists,0
2023-04-17 16:43:58+00:00,Cecalli_Helper,"""Cooperation between Israel &amp; the US is necessary to stop the Iranian nuclear program, which is a global threat"" says the zionist, warmongering terrorists bombing, harrassing, killing, jailing their neighbors üßê https://t.co/FqyLsgpMj0 #Iran #Palestine #Gaza #Syria #Yemen #crimes",0
2023-04-17 16:38:45+00:00,HumanDilemma_,"#LIVE: House Judiciary Hearing on Violent Crime in New York  üî•

LIVE COVERAGE: https://t.co/04zheSvctO

LIKE AND RETWEET!
FOLLOW MY TWITTER FOR PDATES!
FOLLOW ME AT TWITCH FOR REAL NEWS, DAILY LIVE COVERAGE!  

#house #Judiciary  #Hearing  #newyork #newyorkcity  #nypd  #crimes‚Ä¶ https://t.co/FRYtEcPTVY",0
2023-04-17 16:38:19+00:00,pilledformerdem,WATCH NOW!!! #NYC #Crimes https://t.co/am8ePTgdGT,0
2023-04-17 16:30:54+00:00,HumanDilemma_,"#LIVE: House Judiciary Hearing on Violent Crime in New York

LIVE COVERAGE: https://t.co/04zheSvctO

LIKE AND RETWEET!
FOLLOW MY TWITTER FOR PDATES!
FOLLOW ME AT TWITCH FOR REAL NEWS, DAILY LIVE COVERAGE!  

#house #Judiciary  #Hearing #newyork #newyorkcity #nypd #crimes #NYC #NY‚Ä¶ https://t.co/RuBzOwC0rI",0
2023-04-17 16:05:17+00:00,islandlife2014,@TheRichFromCali The @HouseJudiciary needs to INVESTIGATE the RISE in #Crimes in Ohio. @Jim_Jordan State he represents. The crime rate there is out of control! @acluohio @OHDems @JerryNadler @RepDanGoldman @HouseDemocrats,0
2023-04-17 16:02:20+00:00,3TriggersTrader,"#LAVROV listen :
""The #war #crimes #trial of #Slobodan #Milo≈°eviƒá, the former #President of the #Federal #Republic of #Yugoslavia, at the #International #Criminal #Tribunal for the former Yugoslavia lasted for just over four years from 2002 until his death in 2006.""
$SPY",0
2023-04-17 16:02:08+00:00,3TriggersTrader,"#MEDVEDEV listen :
""The #war #crimes #trial of #Slobodan #Milo≈°eviƒá, the former #President of the #Federal #Republic of #Yugoslavia, at the #International #Criminal #Tribunal for the former Yugoslavia lasted for just over four years from 2002 until his death in 2006.""
$SPY",0
2023-04-17 16:01:45+00:00,3TriggersTrader,"#PUTIN listen :
""The #war #crimes #trial of #Slobodan #Milo≈°eviƒá, the former #President of the #Federal #Republic of #Yugoslavia, at the #International #Criminal #Tribunal for the former Yugoslavia lasted for just over four years from 2002 until his death in 2006.""
$SPY",0
2023-04-17 15:58:49+00:00,_ACSCOOLGROUP,Now the fight is on baby! Corruption will be ended by the people. High ferry #crimes #2Ad  https://t.co/bpoK8joQLv,0
2023-04-17 15:26:01+00:00,Rudio1John,#crimes in #NYC - Facts. https://t.co/dup7wsdyDv,0
2023-04-17 15:19:53+00:00,Rudio1John,#NYC ‚ÄúYou are a scumb bag‚Äù #crimes https://t.co/i4ad820UqX,0
2023-04-17 15:18:03+00:00,Kristin62444837,#FOXNewsLies &amp; the reason they #lie is to cover up major #crimes,0
2023-04-17 15:02:42+00:00,arabtimeskuwait,"73 percent of crimes in Kuwait related to drugs addiction

#Kuwait #Crimes #Drugs

https://t.co/k7OGz6cJsa",0
2023-04-17 14:46:58+00:00,nerdymonster83,The #Democrats have been caught lying red handed. They are demonizing and crucifying the whistle blower instead of addressing the #crimes #biden has committed. Where‚Äôs the #ImpeachBidenNow call?,0
2023-04-17 13:56:28+00:00,gottimetoday317,"Not sure who needs to hear this. 

You can be found guilty of something even if someone else was not. You could be charged with a crime even if another person was not. 

#crimes #notacompetition",0
2023-04-17 13:37:01+00:00,REHappens,"Business Email Compromise (#BEC) #Crimes in #realestate are on the rise with title and closing entities as preferred targets, #realtors for higher values, and government impersonations as the most lucrative. Stay informed, stay safe.  #cybersecurity""  https://t.co/96Djj5a0Hn",0
2023-04-17 13:28:29+00:00,ZebulonCrawford,"#America let too much #hate slide and now, #Crime is Putting on an Ice Capades quality show.  
Remain Prayerful and Careful.  üôèüèæüëÄ
#Shooting #MassShooting #Crimes",0
2023-04-17 13:12:56+00:00,NastyLisaB,@Jim_Jordan GTFO of our town with this little circus act!Stop harassing @ManhattanDA - trump is going to pay back this city for the #crimes he committed so you can rest easy ü§°,0
2023-04-17 13:04:08+00:00,carson_prod,"Ce soir les √©quipes de Crimes reviennent dans une √©mission consacr√©e √† deux histoires qui ont marqu√© la Normandieü©∏

üóìÔ∏è Rendez-vous √† 21h10 sur @NRJ12lachaine 

#meurtre #victimes #nrj12 #crimes #normandie https://t.co/7PIZqdMPO3",0
2023-04-17 13:00:03+00:00,NRJ12lachaine,"#In√©dit
‚öñ #Crimes
üö® Les gendarmes face √† l'horreur
üïò Ce soir √† 21.10 sur #Nrj12

#FaitsDivers #France #crime #CrimesFD https://t.co/ZpmbdOC3IL",0
2023-04-17 12:39:28+00:00,aliceWSeventeen,"#obamagate
#ObamaBidenHell 
#obama
#renegade
#crimes https://t.co/rrLo2Pp7OT",0
2023-04-17 12:34:36+00:00,Vintagesmartdog,@joemo23 Knew it! One step on from the #trans #genderID ‚ÄòPoor pedophiles! are so marginalised‚Äô BS ü§° Now pedophiles are ‚Äòmisunderstood &amp; persecuted‚Äô so their #CRIMES should be not only normalised but legalised to help them with their marginalisation. #unforgivable #criminals NOT OK!ü§Ø,0
2023-04-17 12:34:08+00:00,telugustop,Vipul Shah on ‚ÄòCrimes Aaj Kal‚Äô: ‚ÄòSocial media spurs crime‚Äô https://t.co/IWTizu7XFo #Amazon #Crimes #London #Mumbai #Shah,0
2023-04-17 12:00:41+00:00,FinancialWorld9,Ramzan Kadyrov on why he did not want to meet with the exchanged Chechens: andquot;This is a matter of‚Ä¶ https://t.co/qbFxvXa1Ug #crimes,0
2023-04-17 11:37:48+00:00,Rottielover10,@Academic_MedEdu #Crimes against humanity!!!,0
2023-04-17 11:05:41+00:00,victimrobclark,"We demand #transparent investigations of the #crimes &amp; #coverup of the crimes by #everyone on my list &amp; more to be discovered
cc @Chief_Moreira
@OPPCommissioner
@TPSMyronDemkiw
@CommrRCMPGRC
#cdnpoli #onpoli #abpoli #nspoli #bcpoli #nbpoli #skpoli #peipoli #mbpoli #nlpoli #qcpoli",0
2023-04-17 09:51:17+00:00,SolangeJesamari,@info1Armenia @anitablian @amnesty @buczek_lech @bulutuzay_ @CharlesMichel @Europarl_EN @EuromaidanPress @CNN @ViceLife #Aliyeve.#CRIMES #Impunidade!,0
2023-04-17 08:45:44+00:00,MikeBurner4000,"Fire all of them then charge them with #hate #crimes ! 

In a new letter the text chains they call ""racist, homophobic and violent against Black people

https://t.co/IiOE2ZUCjF",0
2023-04-17 08:41:00+00:00,SyedFaizUlHuda,"Need Police Reforms 
Need Judicial Reforms 
Need Economic Reforms 
#Karachi
#Crimes 
#CrimimalActivities",0
2023-04-17 08:39:48+00:00,rpfwrbrc,"#Operation Jan Jagran, the #RPFVadodara division campaign for the safety of #passengers, checking along with GRP in the #Railway premises and made passengers aware about their safety in Railways. Passengers were sensitized to avoid #Crimes like #Theft, #Drugging, #ChainSnatching https://t.co/yyFqBKaqF8",0
2023-04-17 07:13:28+00:00,TV9DelhiNCR,"Kolkata Crime: ‡§∏‡§∞‡§ï‡§æ‡§∞‡•Ä ‡§´‡•ç‡§≤‡•à‡§ü ‡§î‡§∞ ‡§¨‡§æ‡§∞ ‡§≤‡§æ‡§á‡§∏‡•á‡§Ç‡§∏ ‡§¶‡§ø‡§≤‡§æ‡§®‡•á ‡§ï‡•á ‡§®‡§æ‡§Æ ‡§™‡§∞ ‡§ï‡§ø‡§Ø‡§æ ‡§≤‡§æ‡§ñ‡•ã‡§Ç ‡§ï‡§æ ‡§´‡•ç‡§∞‡•â‡§°, ‡§´‡§∞‡•ç‡§ú‡•Ä IAS ‡§Ö‡§∞‡•á‡§∏‡•ç‡§ü

Read : https://t.co/ilubOQez86

#kolkatanews |#crimes |#tv9delhincr",0
2023-04-17 06:44:33+00:00,PariWriting,"Yes we hav our #youth in #large nos. in some #politicalparties ""#waiting to #serve"" WITH ""#full #josh"" :) na? N how R they ""#utilised"" (OUCH!) #streamlined? #Channeled? In2 #protesting? In2 #indirect #violence/#stealth #crimes? They R a #FORCE ONLY WHEN they R made in2one na? (3)",0
2023-04-17 06:24:57+00:00,MichaelOngRisk,Chicago is OUT OF CONTROL with wild animals #Chicago #riot #vandalism #crimes #violence #guns #BrandonJohnson @MayorChicago #blacks #youth,0
2023-04-17 06:15:12+00:00,RestituteUk,"Parents face pressure to maintain their child‚Äôs attendance &amp; attainment &amp; attempt to encourage, cajole &amp; insist that their child continues with education as before.
Read more about topics relating to sexual &amp; violent #crimes &amp; #education on our website https://t.co/5d3KqlnNtT #RT https://t.co/eTnNbjLiKt",0
2023-04-17 06:00:33+00:00,FinancialWorld9,Former Indian Lawmaker Killed in Dramatic Attack Captured on Live Television: n a shocking turn of‚Ä¶ https://t.co/LGpWTbnmtq #crimes #India,0
2023-04-17 05:59:32+00:00,jaicriminology,#crimes #CrimesAgainstHumanity #LawAndOrder #law #Sociology #criminology #victimolgoy #victims #police Please visit https://t.co/hWGOHbJY8t https://t.co/HkHjdtcuKA,0
2023-04-17 05:33:21+00:00,MNadjaf,"""... Je sais aussi qu‚Äôun jour viendra o√π les t√©n√®bres qui recouvrent notre pays se dissiperont...

Notre soci√©t√© ouvrira alors les yeux 

et sera horrifi√©e par les #crimes terribles qui ont √©t√© commis en son nom.""

6/8",0
2023-04-17 05:23:21+00:00,nancy0913dc,"@erbmjha #Coward word suits only BJP people like #Modi #Shah who work behind #GodiMedia &amp; not @INCIndia  BJP Modi is scared of @RahulGandhi that's why all type of #Nautanki started #Congress is fearless 
#PulwamaAttack #arrestModi for all #crimes &amp; #Hate spreading @SCofIndia @pbhushan1",0
2023-04-17 05:00:33+00:00,artbybabad,"I saw images of #Ukraine #residences #bombed by #Russians. #Dead  #Civilians were being removed from the ruins. No acceptable excuses from Russians, #countries and #organizations that #support these #war #crimes.",0
2023-04-17 04:53:39+00:00,sanjeevhapur,"#Opposition_statements

Asad was just 19 
Shaista is a graduate 
Musalman ko mar diya

What these has to be their #crimes? 

Sahem.",0
2023-04-17 02:50:00+00:00,JagranNews,"‡§Ö‡§§‡•Ä‡§ï ‡§ï‡•á 10 ‡§ï‡§æ‡§∞‡§®‡§æ‡§Æ‡•á ‡§ú‡§ø‡§®‡•ç‡§π‡•ã‡§Ç‡§®‡•á ‡§¨‡§ü‡•ã‡§∞‡•Ä ‡§∏‡•Å‡§∞‡•ç‡§ñ‡§ø‡§Ø‡§æ‡§Ç, ‡§ó‡•Å‡§Ç‡§°‡§æ‡§ó‡§∞‡•ç‡§¶‡•Ä ‡§ê‡§∏‡•Ä ‡§ï‡§ø ‡§Æ‡§æ‡§Ø‡§æ‡§µ‡§§‡•Ä ‡§®‡•á ‡§Æ‡§æ‡§® ‡§≤‡•Ä ‡§•‡•Ä ‡§¶‡•Å‡§∂‡•ç‡§Æ‡§®‡•Ä  

#AtiqueAhmed #AshrafAhmed #Mafia #Crimes #Prayagraj @Uppolice 

https://t.co/x3Sw19IvOh",0
2023-04-17 02:20:22+00:00,madhyamam,‡¥§‡¥æ‡¥Æ‡¥∞‡¥∂‡µç‡¥∂‡µá‡¥∞‡¥ø‡¥Ø‡¥ø‡µΩ ‡¥™‡µç‡¥∞‡¥µ‡¥æ‡¥∏‡¥ø‡¥Ø‡µÜ ‡¥§‡¥ü‡µç‡¥ü‡¥ø‡¥ï‡µä‡¥£‡µç‡¥ü‡µÅ‡¥™‡µã‡¥Ø ‡¥ï‡µá‡¥∏‡¥ø‡µΩ ‡¥®‡¥æ‡¥≤‡µç ‡¥™‡µá‡µº ‡¥Ö‡¥±‡¥∏‡µç‡¥±‡µç‡¥±‡¥ø‡µΩ #expatriateabduction #pravasi #thamarassery #crimes https://t.co/LWaw2Z7QQ2,0
2023-04-17 00:56:56+00:00,SolangeJesamari,@Armenia_Better @anitablian #SanctioAliyeve #CRIMES,0
2023-04-17 00:16:57+00:00,SudsierStar9,"I tried a bottle @SnoopDogg 19 Crimes Cali Red. It pair good with beef wellington potato chips, and definitely tastes better when I'm high
#19crimes #wine #snoopdogg
#calired #snoop #dogg #crimes #redwine #weed #smoke #drink #pot #marijuana #sellout https://t.co/A8lG4vx5Up",0
2023-04-16 23:55:00+00:00,interdamazonia,"#Alemanha tem provas de centenas de #crimes de guerra na #Ucr√¢nia
https://t.co/pBLkPqHf2L",0
2023-04-16 23:50:54+00:00,Marathonpundit,Let's go Brandon: Chicago exodus accelerates as Walmart closes four stores https://t.co/b51o71iM51 #chicago #crime #twill #crimes #Illinois #CrimeNews #Illinois #business #LetsGoBrandon,0
2023-04-16 23:35:46+00:00,Marathonpundit,"From Da Tech Guy, Let‚Äôs go Brandon: Chicago exodus accelerates as Walmart closes four stores https://t.co/822BxyHYYh #Walmart #crimes #chicago #crime #BrandonJohnson #Illinois #twill #CrimeNews #Retail",0
2023-04-16 23:33:03+00:00,Lxnn29,@Twitter Fam go check out @EvilleCJ live show. Never a dull moment. #AmericaFirst #News #Crimes,0
2023-04-16 22:01:22+00:00,AllieKnight_X,"‚ÄòNo apology‚Äô: Megyn Kelly tears into trans protesters who ‚Äòkidnapped‚Äô an... https://t.co/0rWMeYplbR via @YouTube
#criminalacts #crimes #RileyGaines",0
2023-04-16 21:57:06+00:00,DeepBlueCrypto,#Inflation #Drugs #Crimes #StoreTheft all left San Francisco like an unlivable zombie ghost town https://t.co/pBhHbhw24z,0
2023-04-16 21:51:55+00:00,Patykapy,"#RDC 3/3 #crimes  oubli√©s :""Certaines des victimes ont ensuite √©t√© tu√©es par balle et d‚Äôautres sont mortes br√ªl√©s vives ds une maison. Plusieurs corps ont √©t√© jet√©s ds la rivi√®re Mweso. D‚Äôautres ont √©t√© inhum√©s ds une fosse commune derri√®re la paroisse de Mweso"" #RapportMapping",0
2023-04-16 21:51:54+00:00,Patykapy,"#RDC 2/3 #crimes  oubli√©s :""Les victimes, pour la plupart des Banyarwanda hutu, √©taient en route pour le march√© de Kabizo lorsque les militaires, bas√©s sur la colline Kilumbu, leur ont demand√© de venir assister √† une r√©union publique"" #RapportMapping  #ONU #DRCongo  #HumanRights",0
2023-04-16 21:51:54+00:00,Patykapy,"#RDC 1/3 #crimes  oubli√©s :""Vers le 16 avril 1997, des √©l√©ments de l'AFDL/APR ont massacr√© une centaine de civils √† Mweso"" #RapportMapping  #UnitedNations  #DRCongo  #HumanRightsViolations  #HumanRights 

#Justice pour les victimes.
#NoJusticeNoPeace !",0
2023-04-16 21:37:33+00:00,RiosRosineide,"@SenadoFederal Os #Crimes est√£o sendo camuflados enquanto #brasileiros clamam por #Justi√ßa 
Est√£o nos enfiando guela abaixo #CrimeOrganizado #PCC #MST #Zanin Impedimento de #CPMI 
E a√≠, o que est√£o fazendo a respeito?",0
2023-04-16 19:47:21+00:00,Nash_usman123,"If you say nothing this will be you one day.

#protect #mother #feom #Israel #crimes #IsraeliApartheid #worst #human",0
2023-04-16 19:19:29+00:00,sarahlmull82,"#FarRight In #Ireland Were Right ‚úÖ 

Lots Of #Raping #SexualOffences &amp; #Murdering 

Due To #OpenBorders

#Crimes Rising ‚¨ÜÔ∏è 

#IrelandIsFull

https://t.co/PK9W3I1mZ1",0
2023-04-16 18:42:10+00:00,SevinjShener,"@Doranimated That is üá¶üá≤trait of committing #crimes  based on ethnic, racial, and religious grounds, burning flags, occupying foreign lands,  and appropriating culture, history, and even values ..lol, they enjoy prevailing impunity and lack of public condemnation at the international level",0
2023-04-16 18:20:07+00:00,malfletcher,"üòÆ‚öñÔ∏è AI Law Courts. We may soon see more of this if we don't set clear #ethics standards for #AI's development! Watch...

 #Futurist  #court #crimes #artificialintelligence #justice  #police #law https://t.co/CzypFJYFr7",0
2023-04-16 16:47:30+00:00,ALI_ALSHUAILI_,"ÿßŸÑÿπŸÇŸäÿØÿ© ÿßŸÑÿµÿ≠Ÿäÿ≠ÿ© Ÿàÿ≠ÿØŸáÿß ÿßŸÑÿ™Ÿä ÿ™ŸÖŸÜÿπ ÿßŸÑÿ¨ÿ±ŸäŸÖÿ© Ÿàÿ™ÿ≠ŸÇŸÇ ÿßŸÑÿ≥ŸÑÿßŸÖ ÿ®ÿ•ÿ∞ŸÜ ÿßŸÑŸÑŸá.
#ÿßŸÑÿØŸäŸÜ_ÿßŸÑÿ≠Ÿäÿßÿ©
#crimes",0
2023-04-16 16:12:49+00:00,PiquePenelope,than solutions. Corruption is why the #homeless problem will never be solved. Corruption is why some #crimes go unpunished. Corruption is why some causes receive #attention and #resources and #funding.,0
2023-04-16 16:00:11+00:00,histoiretv,"Un √©pisode sp√©cial d'#Itin√©raireDunCrime en deux parties vous attend sur #HistoireTV

‚è∞ Horreur √† Notting Hill √† suivre √† partir de 20:50
#histoire #crimes #tueurens√©rie #nottinghill https://t.co/VSvDwUPdFo",0
2023-04-16 15:55:40+00:00,yashsojitra000,"every #Mafia, #don, #Gangsters and #Criminals should remember that no matter how good their time is in the beginning but the end will be #painful..criminals should learn from the #Incident of #AtiqueAhmed  of #up. 

#learning #uttarpardesh #Prayagraj #Encounter #Police #Crimes https://t.co/sF6NyCZnDJ",0
2023-04-16 15:40:21+00:00,Abogato_Draws,"never try to do tricks on the bike if you have someone behind...
#Gregg #Bea #BeatriceSantello #GreggoryLee #NITWGregg #Crimes #NITW #nightinthewoods #NITWMae #nitwfanart #nitwstyle #nitwartist #furry #furryart #furryartist #nitwfanart #lookingforartist #opencommissions https://t.co/YM1ASIsnPi",0
2023-04-16 15:38:59+00:00,brendaoncats,If #lawenforcement wants a #shortcut to solving #crimes then my suggestion is to look at #cathaters.  They have done stuff that merits your examination and they are all but confessing it when they want to or are caught killing cats.  #crimes #crime #mystery #crimestoppers #cat,0
2023-04-16 15:19:54+00:00,BombshellDAILY,"JORDAN MUST NOW DEFEND HIS LAWLESSNESS TO A JUDGE
No longer hyperbolic vitriol, Bragg drags Congressmen Jordon into a criminal proceeding. #defense #crimes #obstruction 
https://t.co/2AcCWNiUY6",0
2023-04-16 14:23:59+00:00,Dawoodpotojamal,"Two #women shot dead near #Qambar bypass:

My #Report for #PPI: 

#Larkana #Sindh #CrimesAgainstHumanity
#criminals #CrimeStoppers #crimes  https://t.co/tEkqhGYpfM",0
2023-04-16 14:03:02+00:00,expatimes,"Crackdown on illegal expats nets 30 expats for various crimes
‚Äî‚Äî‚Äî

The ongoing security operations led by the Ministry of Interior have result...
#Crime #crackdown #Crimes #expats #Illegal #nets
Full Article:
...
https://t.co/Q409Hw8Ccm",0
2023-04-16 13:52:54+00:00,cultureafricana,Yahoo Boy Reveals How He Spent N225m Collected From British Lady https://t.co/05DaC7siWD #britishwoman #crimes #efcc #fraud #yahooboy,0
2023-04-16 13:05:43+00:00,X_161927A,"Digest3-2
Criminals who planned international terrorism had gotten together in #Higashigaoka, #Meguro-ku, #Tokyo.
#Japan #MPD #crimes #Êó•Êú¨ #ÁäØÁΩ™ #ÂõΩÈöõ„ÉÜ„É≠ #ÁöáÊóè #Ê±öËÅ∑ #ÊîøÊ≤ª #Ë≠¶ÂØü #ICC #FBI #UN #UnitedNations #Interpol #HumanRights #InternationalTerrorism #BREAKINGNEWS #NEWS",0
2023-04-16 13:02:07+00:00,X_161927A,"Digest3-14
And therefore, these fraudulent acts are possible to prove that the #MPD of #Japan committed #crimes in an organized manner.
#Tokyo #ÁäØÁΩ™ #ÁöáÊóè #Ê±öËÅ∑ #ÊîøÊ≤ª #Ë≠¶ÂØü #ICC #FBI #UN #UnitedNations #Interpol #HumanRights #InternationalTerrorism #BREAKINGNEWS #NEWS",0
2023-04-16 12:54:53+00:00,X_161927A,"Digest2-9
Mass crimes by citizens and politicians were also committed in universities and other schools (educational institutions), where perjury was abetted to cover up the #crimes.
#Tokyo #Japan #MPD #ÁöáÊóè #Ë≠¶ÂØü #ICC #FBI #UN #UnitedNations #Interpol #InternationalTerrorism",0
2023-04-16 12:46:26+00:00,X_161927A,"„ÄêDigest(1): #Crimes of The Metropolitan Police Department (esp. #Tokyo) of #Japan and those who commit despicable acts that trample #HumanRights.„Äë
#MPD #ICC #FBI #UN #UnitedNations #Interpol #InternationalTerrorism #Rights2023 #CrimesNews #Persecution https://t.co/0W8SVDfyeM",0
2023-04-16 12:44:23+00:00,X_161927A,"Digest-5
Politicians and the masses committed mass crimes and shared those #crimes with Organizations that cause #rape in groups.
#Japan #ICC #FBI #UN #UnitedNations #INTERPOL #HumanRights #MPD #Tokyo #ÁäØÁΩ™ #NEWS #ÁöáÊóè #Ê±öËÅ∑ #ÊîøÊ≤ª #Ë≠¶ÂØü #InternationalTerrorism #BREAKINGNEWS",0
2023-04-16 12:35:33+00:00,X_161927A,"„ÄêAbout International Terrorism Plot Planned in Higashigaoka„Äë
#Japan #MPD #crimes #Tokyo #ËôöÂÅΩÂÖ¨ÊñáÊõ∏‰ΩúÊàê #Êó•Êú¨ #ÁäØÁΩ™ #ÂõΩÈöõ„ÉÜ„É≠ #Ê±öËÅ∑ #ÊîøÊ≤ª #Ë≠¶Ë¶ñÂ∫Å #Ë≠¶ÂØü #ICC #FBI #UN #UnitedNations #HumanRights #InternationalTerrorism #Interpol #Rights2023 #News https://t.co/0W8SVDfyeM",0
2023-04-16 12:27:36+00:00,X_161927A,"„ÄêThe Metropolitan Police Department of #Japan abetting criminals.„Äë
#MPD #crimes #Tokyo #ËôöÂÅΩÂÖ¨ÊñáÊõ∏‰ΩúÊàê #Êó•Êú¨ #ÁäØÁΩ™ #ÂõΩÈöõ„ÉÜ„É≠ #Ê±öËÅ∑ #ÊîøÊ≤ª #Ë≠¶Ë¶ñÂ∫Å #Ë≠¶ÂØü #ICC #FBI #UN #UnitedNations #HumanRights #InternationalTerrorism #Interpol #Rights2023 #News https://t.co/0W8SVDfyeM",0
2023-04-16 12:25:05+00:00,X_161927A,"D-1
Mass crimes by citizens and politicians were also committed in universities and other schools (educational institutions), where perjury was abetted to cover up the #crimes.
#Japan #MPD #Tokyo #ÁäØÁΩ™ #ÁöáÊóè #Ê±öËÅ∑ #ÊîøÊ≤ª #Ë≠¶ÂØü #ICC #FBI #UN #UnitedNations #HumanRights #News",0
2023-04-16 12:22:46+00:00,X_161927A,"„ÄêThe #MPD of Japan is cooperating with Organizations that cause #rape and Politicians for #crimes.„Äë
#Japan #ICC #FBI #UnitedNations #HumanRights #Meguro #Tokyo #Êó•Êú¨ #Êù±‰∫¨ #ÁäØÁΩ™ #ÂõΩÈöõ„ÉÜ„É≠ #Ê±öËÅ∑ #ÊîøÊ≤ª #Ë≠¶ÂØü #InternationalTerrorism #Rights2023 #News",0
2023-04-16 12:15:06+00:00,X_161927A,"G-6
The evidence clearly shows that the #MPD of #Japan has been assisting criminals in #crimes by creating false official documents that falsified the content of the victim‚Äôs claim.
#International #Terrorism #ËôöÂÅΩÂÖ¨ÊñáÊõ∏‰ΩúÊàê #ÁäØÁΩ™ #ÂõΩÈöõ„ÉÜ„É≠ #Ê±öËÅ∑ #ÊîøÊ≤ª #Ë≠¶Ë¶ñÂ∫Å #Ë≠¶ÂØü #ICC #FBI #UN",0
2023-04-16 12:14:56+00:00,X_161927A,"G-7
Police officers in the #MPD of #Japan have been committing malicious criminal acts to cover up their #crimes.
#Tokyo #ËôöÂÅΩÂÖ¨ÊñáÊõ∏‰ΩúÊàê #Êó•Êú¨ #Êù±‰∫¨ #ÁäØÁΩ™ #ÂõΩÈöõ„ÉÜ„É≠ #Ê±öËÅ∑ #ÊîøÊ≤ª #Ë≠¶Ë¶ñÂ∫Å #ICC #FBI #UN #UnitedNations #HumanRights #InternationalTerrorism
https://t.co/0W8SVDfyeM",0
2023-04-16 12:14:35+00:00,X_161927A,"G-9
And therefore, these fraudulent acts are possible to prove that the #MPD of #Japan committed #crimes in an organized manner.
#Tokyo #ËôöÂÅΩÂÖ¨ÊñáÊõ∏‰ΩúÊàê #Êó•Êú¨ #Êù±‰∫¨ #ÁäØÁΩ™ #ÂõΩÈöõ„ÉÜ„É≠ #Ê±öËÅ∑ #ÊîøÊ≤ª #Ë≠¶Ë¶ñÂ∫Å #Ë≠¶ÂØü #ICC #FBI #UN #UnitedNations #HumanRights #InternationalTerrorism",0
2023-04-16 12:12:40+00:00,lauramkeith,Multiple #Crimes took place #TheftbyDeception from Breeder who disguised friendly offer to dog-sit #Forgery on alleged surrender of ownership-40 year expert verifies in full report @NewJerseyOAG A #criminalinvestigation is URGENT! #STOLENDOG #MatawanNJ #News12NJ #Dogsarefamily üíî https://t.co/mBpi7aPE2l,0
2023-04-16 11:59:06+00:00,bembelly,"Coucou les identiTar√©s #AntiGauche qui ont fait de l‚Äô#antisemitisme (imaginaire) une #arme politique. On attend vos plates excuses hein @PrintempsRepub &amp; Cie? 
‚óºÔ∏èOui Jeremy #Corbyn l√© innocent 
#BandeDeCons #ReceleursDAttentats &amp; autres 
#Crimes #ProfitoSituationnistes #Corbeaux!",0
2023-04-16 11:35:51+00:00,Pimpomme1,ü§¨ü§¨ü§¨ü§¨ü§¨ü§¨ü§¨ü§¨ü§¨ü§¨ü§¨ü§¨ü§¨ü§¨ü§¨ü§¨ü§¨ü§¨ü§¨ü§¨ @GDarmanin @EmmanuelMacron #France #ViolencesPolicieres #CrimesAgainsHumanity #crimes üá´üá∑,0
2023-04-16 11:31:48+00:00,thecentrummedia,A recent study conducted by the #Islamabad Policy Research Institute explored the motivations behind religious-based violent #crimes and gender-based violent crimes. Security Analyst @FaizanFakhar6 explains what contributes to the rise of #violence and the legal loopholes that‚Ä¶ https://t.co/t9WCPu99dq,0
2023-04-16 09:39:00+00:00,LionelCamy,"Retrouvez-moi ce dimanche apr√®s-midi √† 17h sur ma cha√Æne YouTube pour une vid√©o sur des affaires criminelles au Mexique. üòéüå¥üá≤üáΩ
Pour acc√©der √† la cha√Æne : https://t.co/tRnKXTfwqK
#crimes #cancun #mexique #youtube https://t.co/SxlUVwZYNA",0
2023-04-16 07:27:06+00:00,DrManojDash,"Now it appears rather more convincingly, criminals of different kinds &amp; colours have always been successful in capturing power to keep the economically &amp; socially marginalised away from power or attaining dignified standards of living. #crimes #criminals #POWER #India #Democracy",0
2023-04-16 06:01:56+00:00,BemusedAnAmused,#Crimes,0
2023-04-16 05:49:36+00:00,SarmaWay,"Every Indian must see this picture clearly how Poor, illiterate people are misguided, brain washed, provoked to commit crimes in India  nowadays. STOP üõë this now for tomorrow. Don't vote for these politicians or, choose NOTA #Elections2024 #IndianPolitics #crimes #uttarpardesh",0
2023-04-16 04:00:01+00:00,DerrickRBickley,"""A well-written #crimethriller with plenty of twists and turns"" FIVE/FOUR star https://t.co/oBRzIvACj6 THE HIT-AND-RUN MAN at #Kindle or your favourite digital store plus  PAPERBACK HARDBACK AUDIOBOOK and other formats #NextChapterPub #crimefiction #mustread #pageturners #crimes https://t.co/gwsf2p4IyB",0
2023-04-16 02:54:56+00:00,Nation_First_1_,"@asadowaisi @warispathan @MahuaMoitra @yadavakhilesh @aimim_national People like #AtiqAhmed #AtiqAhmad who are convincted for #crimes, has dozens of #criminals cases against him, has been a #gangster #Criminal for decades. 
@asadowaisi of @aimim_national
bringing #religion into the matter obviously dents image of #Islam #Muslims greatly",0
2023-04-16 02:45:09+00:00,Mortheous,"One of the reasons why I'm a nonpracticing #Catholic: 
The CHURCH has a history of covering up #CRIMES!! This is just one example...
https://t.co/Bdaz3JZzOY",0
2023-04-16 01:36:53+00:00,ELiboa82,"@FlavioDino Dinossauro a pergunta √© pertinente, quando vc √© seu chefe diga se de passagem dois #bandidos v√£o tamb√©m pagar pelos seus #crimes, pois cabe vcs tamb√©m serem enquadrados na lei, tendo em vista que s√£o dois #meliantes",0
2023-04-16 01:23:06+00:00,YulTolbert,Being in #politics is one of the #BestWays to get away with #crimes and #ImmoralActs.,0
2023-04-16 01:09:07+00:00,bbcnewstelugu,"‡∞Ø‡±Ç‡∞™‡±Ä ‡∞™‡±ã‡∞≤‡±Ä‡∞∏‡±Å‡∞≤‡±Å ‡∞§‡±Ü‡∞≤‡∞ø‡∞™‡∞ø‡∞® ‡∞µ‡∞ø‡∞µ‡∞∞‡∞æ‡∞≤ ‡∞™‡±ç‡∞∞‡∞ï‡∞æ‡∞∞‡∞Ç.. ‡∞¶‡∞æ‡∞°‡∞ø‡∞ï‡∞ø ‡∞™‡∞æ‡∞≤‡±ç‡∞™‡∞°‡∞ø‡∞® ‡∞µ‡∞æ‡∞∞‡±Å ‡∞ú‡∞∞‡±ç‡∞®‡∞≤‡∞ø‡∞∏‡±ç‡∞ü‡±Å‡∞≤ ‡∞µ‡±á‡∞∑‡∞ß‡∞æ‡∞∞‡∞£‡∞≤‡±ã ‡∞µ‡∞ö‡±ç‡∞ö‡∞æ‡∞∞‡±Å. ‡∞ï‡±Ü‡∞Æ‡±Ü‡∞∞‡∞æ‡∞≤ ‡∞Æ‡±Å‡∞Ç‡∞¶‡±á ‡∞µ‡±Ä‡∞∞‡∞ø‡∞®‡∞ø ‡∞¶‡±Å‡∞Ç‡∞°‡∞ó‡±Å‡∞≤‡±Å ‡∞π‡∞§‡±ç‡∞Ø ‡∞ö‡±á‡∞∂‡∞æ‡∞∞‡±Å. ‡∞à ‡∞¶‡∞æ‡∞°‡∞ø‡∞ï‡∞ø ‡∞™‡∞æ‡∞≤‡±ç‡∞™‡∞°‡∞ø‡∞® ‡∞Æ‡±Å‡∞ó‡±ç‡∞ó‡±Å‡∞∞‡∞ø‡∞®‡∞ø ‡∞Ö‡∞∞‡±Ü‡∞∏‡±ç‡∞ü‡±Å ‡∞ö‡±á‡∞∂‡∞æ‡∞∞‡±Å.
https://t.co/m8omaJgv3j
#UttarPradesh #YogiAdityanath #Crimes #gangster #AtiqAhmed",0
2023-04-16 00:41:24+00:00,kashifraza1,"@realZalmayMK Our politicians shouldn't commit such #crimes to allow any1 to quote as example of #corruption at any platform whether it's social media or educational chapters
The opponents of #ImranKhanForPakistan only have got personal issues but have no corruption proofs against him
#ŸÖ€ÅŸÜ⁄Øÿßÿ¶€å https://t.co/iEU2VHFKID",0
2023-04-15 23:10:38+00:00,a_marabelle,".Oubliez la scientologie, les c√©l√©brit√©s se laissent s√©duire par une ‚Äúreligion‚Äù encore plus sinistre.

https://t.co/59FPpTIllm

#Satanisme #Mondialisme #Nazisme #P√©docriminalit√© #D√©pravation #Crimes #Renaissance #Macron #PS #FM 
https://t.co/ffSF88ZcYG",0
2023-04-15 23:09:15+00:00,Marathonpundit,From Wirepoints: It will take exceptional political courage to end Chicago‚Äôs ‚Äòcrisis of values.‚Äô Good luck https://t.co/yY8gj1goOq #chicago #crime #twill #crimes #Illinois #CrimeNews,0
2023-04-15 23:05:16+00:00,OffLalanne,".Oubliez la scientologie, les c√©l√©brit√©s se laissent s√©duire par une ‚Äúreligion‚Äù encore plus sinistre.

https://t.co/drmF6k98Jf

#Satanisme #Mondialisme #Nazisme #P√©docriminalit√© #D√©pravation #Crimes #Renaissance #Macron #PS #FM https://t.co/slwWSsLV9t",0
2023-04-15 22:52:49+00:00,ZkFranks,"@DeanObeidallah We sure it wasn‚Äôt because @Mike_Pence surmises that #massshootings &amp; #massmurders aren‚Äôt #crimes???
Actually, I‚Äôm sure the boos weren‚Äôt for that
Never mind",0
2023-04-15 22:33:05+00:00,SAlyamanya,#Macron's crimes French police #crimes,0
2023-04-15 22:20:41+00:00,Unsnappedbasher,"Any @Muslim with #KNOWLEDGE of #Islam #Defend #Allah Against @ProphetArabian ?
If your #Religion is #Strong #True and full of #Wisdom then be #Brave and #Stepup and clear #Mohammad of his #Crimes and being a #Fake #Prophet !!
Any #Sheikh 
Any #Muslim
https://t.co/NGY0ekataZ üïã-‚úùÔ∏è",0
2023-04-15 22:16:52+00:00,Kristin62444837,Yup. But I feel #Something has #changed #Tennessee #citizens have had #enough. The #lies &amp; #crimes are so obvious now that there are few that will be fooled. #NeverVoteConservative,0
2023-04-15 22:10:47+00:00,RisingKashmir,"The #Dawn Of A #New #Era‚Ä¶!

The #Delhi #Commission for #Women has in #view of the #current #situation, taken #cognisance of the #alarming #number of #crimes against #women

Writes DR. SWATI JINDAL GARG

https://t.co/FXVjIueQmC https://t.co/wRpicUzije",0
2023-04-15 21:31:56+00:00,danajaber88,"#Israel is accustomed to presenting itself in the role of the victim, and the world sympathizes with it despite their good knowledge that it is #racist and takes its #crimes against the #Palestinians under the pretext of #self_defense",0
2023-04-15 20:56:21+00:00,IvanLuksicLIB,"@PMSimferopol Why would I visit #Russia if I want to see #Crimea? 
Or did you mean #Crimes?",0
2023-04-15 20:07:50+00:00,sn00pdad,"#EricAdams has #failed the people of #NewYorkCity despite what claims.

Major #crimes in #NYC were up 22% last year. It shows no sign of slowing down. #NewYorkCityNotSafe https://t.co/lfE4JixJVM",0
2023-04-15 19:35:13+00:00,underchadsspell,"@DonaldJTrumpJr @Jim_Jordan is the poster boy for a #GOP hell-bent on destroying our #democracy by shielding #Trump from accountability for his #crimes. It's no longer a #political party, just a #cult of Trump #sycophants wedded to #whitesupremacy. No #American with a brain believes Jordan #Ohio https://t.co/5ERGcul2ix",0
2023-04-15 17:59:12+00:00,YashRakeshKumar,"Many questioning the law and order under @myogiadityanath government, after #AteekAhmad &amp; #AshrafAhmed #murder

Crime rates in UP have fallen drastically and are close to historical lows. 

When #criminals &amp; #mafia are killed, who would commit #crimes.",0
2023-04-15 17:24:30+00:00,LorenziKarine,#crimes c'√©tait mieux avec @morandiniblog üòûüòû,0
2023-04-15 17:02:43+00:00,le_4eme_pouvoir,"üá®üá≤[#Crimes √† #Mvan] Deux #assassins #pr√©sum√©s aux arr√™ts

Les 2 individus aux arr√™ts par les forces de l'ordre, ont √©t√© film√©s en pleine tentative de reconstitution des faits relatifs √† l'assassinat d'une jeune femme √† #Yaound√©. 

Lire la suite ici ‚¨áÔ∏è
https://t.co/IBGNMV1TwW https://t.co/PwMyAEjHoI",0
2023-04-15 16:33:11+00:00,growthinktank,"Mardi, @MYParlimen a adopt√© un ensemble de lois qui permettrait de r√©voquer l‚Äôutilisation de la #peine de mort obligatoire pour la majorit√© des #crimes commis dans le pays. #GROW salue ce premier pas et esp√®re un engagement pour son abolition d√©finitive.",0
2023-04-15 16:33:10+00:00,growthinktank,"Mardi, les forces arm√©es du #Myanmar ont perp√©tr√© une #attaque a√©rienne dans la r√©gion de #Sagaing, tuant jusqu‚Äô√† 100 civil.e.s dont des #enfants. Cette attaque s‚Äôajoute √† l‚Äô√©ventail de #violations des droits humains et #crimes commis par la #junte au pouvoir depuis f√©vrier 2021.",0
2023-04-15 16:31:00+00:00,growthinktank,"On Tuesday, @MYParlimen adopted a package of laws that would revoke the use of the mandatory #death penalty for the majority of #crimes committed in the country. #GROW welcomes this first step and hopes for a commitment to its permanent abolition.",0
2023-04-15 16:30:59+00:00,growthinktank,"On Tuesday, #Myanmar's armed forces carried out an #air raid in the #Sagaing area, killing up to 100 civilians including #children. This attack adds to the range of #human rights abuses and #crimes committed by the ruling #junta since February 2021.",0
2023-04-15 13:37:07+00:00,FkJoeByeDone,"#StreetThugs should not be #StateRepresentatives, and #StateRepresentatives should not be #thugs. 

#BanJusticeJones &amp; #BanJusticePearson. Both #JusticeJones &amp; #JusticePearson are #criminals, that belong in #StatePrison. Let them #pay for their #crimes. #FuckingPunks. #Punks.",0
2023-04-15 13:33:04+00:00,FortnerCharles,"@KenPaxtonTX 
#Indict Alejandro Mayorkas for his #Crimes",0
